/*
Navicat MySQL Data Transfer

Source Server         : 本机连接
Source Server Version : 50553
Source Host           : localhost:3306
Source Database       : jhphpcms

Target Server Type    : MYSQL
Target Server Version : 50553
File Encoding         : 65001

Date: 2020-07-10 15:18:13
*/

SET FOREIGN_KEY_CHECKS=0;

-- ----------------------------
-- Table structure for cms_article
-- ----------------------------
DROP TABLE IF EXISTS `cms_article`;
CREATE TABLE `cms_article` (
  `id` int(10) unsigned NOT NULL AUTO_INCREMENT,
  `catid` int(10) NOT NULL DEFAULT '0' COMMENT '所属栏目',
  `title` varchar(255) COLLATE utf8mb4_bin NOT NULL DEFAULT '' COMMENT '文章标题',
  `description` varchar(255) COLLATE utf8mb4_bin NOT NULL DEFAULT '' COMMENT '内容摘要',
  `seo_keywords` varchar(150) COLLATE utf8mb4_bin NOT NULL DEFAULT '' COMMENT '关键字',
  `seo_description` varchar(255) COLLATE utf8mb4_bin NOT NULL DEFAULT '' COMMENT '摘要',
  `thumb` varchar(100) COLLATE utf8mb4_bin NOT NULL DEFAULT '' COMMENT '文章缩略图',
  `images` varchar(255) COLLATE utf8mb4_bin NOT NULL DEFAULT '' COMMENT '文章组图',
  `content` text COLLATE utf8mb4_bin NOT NULL COMMENT '文章内容',
  `posids` varchar(255) COLLATE utf8mb4_bin NOT NULL DEFAULT '' COMMENT '推荐位',
  `sort` smallint(5) NOT NULL DEFAULT '0' COMMENT '排序',
  `status` tinyint(1) NOT NULL DEFAULT '1' COMMENT '状态',
  `allow_comment` tinyint(1) NOT NULL DEFAULT '1' COMMENT '是否允许评论',
  `views` int(10) NOT NULL DEFAULT '0' COMMENT '浏览数',
  `create_at` int(10) NOT NULL DEFAULT '0' COMMENT '发布时间',
  `author` char(20) COLLATE utf8mb4_bin NOT NULL DEFAULT '' COMMENT '文章作者',
  `comefrom` char(20) COLLATE utf8mb4_bin NOT NULL DEFAULT '' COMMENT '文章来源',
  `tags` varchar(150) COLLATE utf8mb4_bin NOT NULL DEFAULT '' COMMENT '标签',
  `modelid` tinyint(5) NOT NULL DEFAULT '0' COMMENT '模型ID',
  `is_deleted` tinyint(1) NOT NULL DEFAULT '0' COMMENT '是否删除(1删除,0未删)',
  PRIMARY KEY (`id`),
  KEY `status` (`id`),
  KEY `listorder` (`id`),
  KEY `catid` (`id`)
) ENGINE=InnoDB AUTO_INCREMENT=253 DEFAULT CHARSET=utf8mb4 COLLATE=utf8mb4_bin;

-- ----------------------------
-- Records of cms_article
-- ----------------------------
INSERT INTO `cms_article` VALUES ('1', '24', '测试新闻标题', '', '测试关键字', '', '', '', 0xE696B0E997BBE58685E5AEB9, '', '0', '1', '1', '0', '1592191917', 'admin', '新浪', '', '1', '0');
INSERT INTO `cms_article` VALUES ('2', '26', '测试产品标题', '', '关键字', '描述内容', '', '', '', '1', '1', '1', '1', '2', '1592191917', '', '', '', '1', '0');
INSERT INTO `cms_article` VALUES ('5', '24', '新闻标题', '', '新闻关键字', '新闻摘要', '', '', 0x3C703EE69687E7ABA0E58685E5AEB93C2F703E, '1,2', '1', '1', '0', '1', '1592212921', 'admin', '新浪', '标签1，标签2', '1', '0');
INSERT INTO `cms_article` VALUES ('6', '24', '文章标题', '', '关键字', '摘要', '', '', 0x3C703EE69687E7ABA0E58685E5AEB93C2F703E, '2', '1', '1', '0', '1', '1592268652', 'admin', '新浪', '标签1，标签2', '1', '0');
INSERT INTO `cms_article` VALUES ('7', '24', '文章标题', '', '关键字', '文件关键字', '', '', 0x3C703EE69687E7ABA0E58685E5AEB93C2F703E, '2', '1', '1', '0', '1', '1592558159', 'admin', '百度', '标签', '1', '0');
INSERT INTO `cms_article` VALUES ('8', '24', '测试新闻标题', '', '新闻关键字', '摘要信息', '', '', 0x3C703EE69687E7ABA0E58685E5AEB93C2F703E, '2,1', '1', '1', '0', '1', '1592791864', 'admin', '百度', '测试,新闻', '1', '0');
INSERT INTO `cms_article` VALUES ('9', '24', '在测试新闻标题2', '', 'SEO关键字2', 'SEO描述2', '', '', 0x3C703EE696B0E69687E7ABA0E58685E5AEB93232323C2F703E, '2', '1', '1', '1', '1', '1592797316', 'admin2', '百度2', '测试,Php,java', '1', '0');
INSERT INTO `cms_article` VALUES ('243', '24', 'PHP根据键值合并数组，键值一样的合并', '\n我们现在来分析一下在PHP开发过程中，如何合并两个数组，并且将相同键值的元素合并在一起。\n\n示例1\n最简单的合并方式\n$a = [\n   1=&gt;\'a\',\n   2=&gt;\'b\',\n   3=&gt;\'c\'\n];\n$b = [\n   3=&gt;\'e\',\n   4=&gt;\'f\',\n   5=&gt;\'c\'\n];\n$c = $a+$b;\nprint_r($c);\n输出：\nArray ( [', 'PHP根据键值合并数组,jhphpcms博客', '我们现在来分析一下在PHP开发过程中，如何合并两个数组，并且将相同键值的元素合并在一起。', '', '', 0x0A3C703EE68891E4BBACE78EB0E59CA8E69DA5E58886E69E90E4B880E4B88BE59CA8504850E5BC80E58F91E8BF87E7A88BE4B8ADEFBC8CE5A682E4BD95E59088E5B9B6E4B8A4E4B8AAE695B0E7BB84EFBC8CE5B9B6E4B894E5B086E79BB8E5908CE994AEE580BCE79A84E58583E7B4A0E59088E5B9B6E59CA8E4B880E8B5B7E380823C2F703E0A3C703E3C62723E3C2F703E0A3C703E3C7374726F6E673EE7A4BAE4BE8B313C2F7374726F6E673E3C2F703E0A3C703EE69C80E7AE80E58D95E79A84E59088E5B9B6E696B9E5BC8F3C2F703E0A3C70726520636C6173733D2262727573683A7068703B746F6F6C6261723A66616C7365223E2461C2A03DC2A05B0AC2A0C2A0C2A0313D2667743B2761272C0AC2A0C2A0C2A0323D2667743B2762272C0AC2A0C2A0C2A0333D2667743B2763270A5D3B0A2462C2A03DC2A05B0AC2A0C2A0C2A0333D2667743B2765272C0AC2A0C2A0C2A0343D2667743B2766272C0AC2A0C2A0C2A0353D2667743B2763270A5D3B0A2463C2A03DC2A024612B24623B0A7072696E745F72282463293B3C2F7072653E0A3C703EE8BE93E587BAEFBC9A3C62723E3C2F703E0A3C70726520636C6173733D2262727573683A7068703B746F6F6C6261723A66616C7365223E4172726179C2A028C2A05B315DC2A03D2667743BC2A061C2A05B325DC2A03D2667743BC2A062C2A05B335DC2A03D2667743BC2A063C2A05B345DC2A03D2667743BC2A066C2A05B355DC2A03D2667743BC2A063C2A0293C2F7072653E0A3C703EE58886E69E90EFBC9A24615B335DE8A686E79B96E4BA8624625B335DEFBC8CE5BD93E695B0E7BB84E5AD98E59CA8E79BB8E5908CE994AEE580BCE79A84E58583E7B4A0E697B6EFBC8CE5898DE99DA2E79A84E695B0E7BB84E5B086E4BC9AE5908EE99DA2E79BB8E5908CE994AEE580BCE79A84E695B0E7BB84E58583E7B4A03C2F703E0A3C703E3C62723E3C2F703E0A3C703E3C7374726F6E673EE7A4BAE4BE8B323C2F7374726F6E673E3C2F703E0A3C703EE794A8666F7265616368E5BEAAE78EAFE8B58BE580BCE79A84E696B9E6B3953C2F703E0A3C70726520636C6173733D2262727573683A7068703B746F6F6C6261723A66616C7365223E2461C2A03DC2A05B0AC2A0C2A0C2A0313D2667743B2761272C0AC2A0C2A0C2A0323D2667743B2762272C0AC2A0C2A0C2A0333D2667743B2763270A5D3B0A2462C2A03DC2A05B0AC2A0C2A0C2A0333D2667743B2765272C0AC2A0C2A0C2A0343D2667743B2766272C0AC2A0C2A0C2A0353D2667743B2761270A5D3B0A666F7265616368C2A0282462C2A06173C2A0246B6579C2A03D2667743BC2A02476616C29C2A07B0AC2A0C2A0C2A024615B246B65795DC2A03DC2A02476616C3B0A7D0A7072696E745F72282461293B3C2F7072653E0A3C703EE8BE93E587BAEFBC9A3C62723E3C2F703E0A3C70726520636C6173733D2262727573683A7068703B746F6F6C6261723A66616C7365223E4172726179C2A028C2A05B315DC2A03D2667743BC2A061C2A05B325DC2A03D2667743BC2A062C2A05B335DC2A03D2667743BC2A065C2A05B345DC2A03D2667743BC2A066C2A05B355DC2A03D2667743BC2A061C2A0293C2F7072653E0A3C703EE58886E69E90EFBC9AE5928CE7A4BAE4BE8B31E69C89E782B9E58CBAE588AB3C2F703E0A3C703EE794A8E4BA8EE5819AE5BEAAE78EAFE79A84E695B0E7BB842462E5B086E4BC9AE8A686E79B96E695B0E7BB842461E79A84E58583E7B4A0EFBC8CE8808CE4B894E58FAAE8A686E79B96E994AEE580BCE79BB8E5908CE79A84E58583E7B4A03C2F703E0A3C703E3C62723E3C2F703E0A3C703E3C7374726F6E673EE79BB8E585B3E587BDE695B0EFBC9A3C2F7374726F6E673E3C2F703E0A3C703E61727261795F6D657267653C2F703E0A3C703E61727261795F696E746572736563743C2F703E0A3C703E61727261795F696E746572736563745F756B65793C2F703E0A3C703E61727261795F696E746572736563745F756173736F633C2F703E0A3C703E61727261795F696E746572736563745F6B65793C2F703E0A3C703E61727261795F696E746572736563745F6173736F633C2F703E0A3C703E3C62723E3C2F703E0A3C703E3C62723E3C2F703E0A, '', '0', '1', '1', '0', '1592755200', '李清波', '', '', '1', '0');
INSERT INTO `cms_article` VALUES ('244', '24', 'php单例模式中使用场景和使用方法', '\n一个类只有一个对象实例\n1、含义   \n   作为对象的创建模式，单例模式确保某一个类只有一个实例，而且自行实例化并向整个系统全局地提供这个实例', 'php单例模式中使用场景和使用方法,jhphpcms博客', '作为对象的创建模式，单例模式确保某一个类只有一个实例，而且自行实例化并向整个系统全局地提供这个实例。它不会创建实例副本，而是会向单例类内部存储的实例返回一个引用。', '', '', 0x0A3C703EE4B880E4B8AAE7B1BBE58FAAE69C89E4B880E4B8AAE5AFB9E8B1A1E5AE9EE4BE8B3C2F703E0A3C703E31E38081E590ABE4B989C2A020C2A03C2F703E0A3C703EC2A020C2A0E4BD9CE4B8BAE5AFB9E8B1A1E79A84E5889BE5BBBAE6A8A1E5BC8FEFBC8CE58D95E4BE8BE6A8A1E5BC8FE7A1AEE4BF9DE69F90E4B880E4B8AAE7B1BBE58FAAE69C89E4B880E4B8AAE5AE9EE4BE8BEFBC8CE8808CE4B894E887AAE8A18CE5AE9EE4BE8BE58C96E5B9B6E59091E695B4E4B8AAE7B3BBE7BB9FE585A8E5B180E59CB0E68F90E4BE9BE8BF99E4B8AAE5AE9EE4BE8BE38082E5AE83E4B88DE4BC9AE5889BE5BBBAE5AE9EE4BE8BE589AFE69CACEFBC8CE8808CE698AFE4BC9AE59091E58D95E4BE8BE7B1BBE58685E983A8E5AD98E582A8E79A84E5AE9EE4BE8BE8BF94E59B9EE4B880E4B8AAE5BC95E794A8E380823C2F703E0A3C703E32E38081E58D95E4BE8BE6A8A1E5BC8FE79A84E4B889E4B8AAE8A681E782B9EFBC9A3C2F703E0A3C703EEFBC8831EFBC892E20E99C80E8A681E4B880E4B8AAE4BF9DE5AD98E7B1BBE79A84E594AFE4B880E5AE9EE4BE8BE79A84E99D99E68081E68890E59198E58F98E9878F3A3C2F703E0A3C70726520636C6173733D2262727573683A7068703B746F6F6C6261723A66616C7365223E70726976617465C2A0737461746963C2A0245F696E7374616E63653B3C2F7072653E0A3C703EEFBC8832EFBC892E20E69E84E980A0E587BDE695B0E5928CE5858BE99A86E587BDE695B0E5BF85E9A1BBE5A3B0E6988EE4B8BAE7A781E69C89E79A84EFBC8CE998B2E6ADA2E5A496E983A8E7A88BE5BA8F6E6577E7B1BBE4BB8EE8808CE5A4B1E58EBBE58D95E4BE8BE6A8A1E5BC8FE79A84E6848FE4B9893A3C2F703E0A3C70726520636C6173733D2262727573683A7068703B746F6F6C6261723A66616C7365223E70726976617465C2A066756E6374696F6EC2A05F5F636F6E73747275637428297B0AC2A0C2A0C2A0C2A024746869732D2667743B5F6462C2A03DC2A070675F636F6E6E65637428277878787827293B0A7D0A0A70726976617465C2A066756E6374696F6EC2A05F5F636C6F6E6528297B0A7D2F2FE8A686E79B965F5F636C6F6E652829E696B9E6B395EFBC8CE7A681E6ADA2E5858BE99A863C2F7072653E0A3C703EEFBC8833EFBC892E20E5BF85E9A1BBE68F90E4BE9BE4B880E4B8AAE8AEBFE997AEE8BF99E4B8AAE5AE9EE4BE8BE79A84E585ACE585B1E79A84E99D99E68081E696B9E6B395EFBC88E9809AE5B8B8E4B8BA676574496E7374616E6365E696B9E6B395EFBC89EFBC8CE4BB8EE8808CE8BF94E59B9EE594AFE4B880E5AE9EE4BE8BE79A84E4B880E4B8AAE5BC95E794A8C2A03C62723E3C2F703E0A3C703E3C62723E3C2F703E0A3C70726520636C6173733D2262727573683A7068703B746F6F6C6261723A66616C7365223E7075626C6963C2A0737461746963C2A066756E6374696F6EC2A0676574496E7374616E636528297B0A0A69662821C2A02873656C663A3A245F696E7374616E6365C2A0696E7374616E63656F66C2A073656C6629C2A0297BC2A00AC2A0C2A0C2A0C2A073656C663A3A245F696E7374616E6365C2A03DC2A06E6577C2A073656C6628293B0A7D0A72657475726EC2A073656C663A3A245F696E7374616E63653B3C2F7072653E0A3C703EE58D95E4BE8BE6A8A1E5BC8FE7A1AEE4BF9DE69F90E4B8AAE7B1BBE58FAAE69C89E4B880E4B8AAE5AE9EE4BE8BEFBC8CE8808CE4B894E887AAE8A18CE5AE9EE4BE8BE58C96E5B9B6E59091E695B4E4B8AAE7B3BBE7BB9FE68F90E4BE9BE8BF99E4B8AAE5AE9EE4BE8BE380823C2F703E0A3C703EE58D95E4BE8BE6A8A1E5BC8FE698AFE4B880E7A78DE5B8B8E8A781E79A84E8AEBEE8AEA1E6A8A1E5BC8FEFBC8CE59CA8E8AEA1E7AE97E69CBAE7B3BBE7BB9FE4B8ADEFBC8CE7BABFE7A88BE6B1A0E38081E7BC93E5AD98E38081E697A5E5BF97E5AFB9E8B1A1E38081E5AFB9E8AF9DE6A186E38081E68993E58DB0E69CBAE38081E695B0E68DAEE5BA93E6938DE4BD9CE38081E698BEE58DA1E79A84E9A9B1E58AA8E7A88BE5BA8FE5B8B8E8A2ABE8AEBEE8AEA1E68890E58D95E4BE8BE380823C62723E3C2F703E0A3C703EE58D95E4BE8BE6A8A1E5BC8FE5888633E7A78DEFBC9AE68792E6B189E5BC8FE58D95E4BE8BE38081E9A5BFE6B189E5BC8FE58D95E4BE8BE38081E799BBE8AEB0E5BC8FE58D95E4BE8BE380823C62723E3C2F703E0A3C703EE58D95E4BE8BE6A8A1E5BC8FE69C89E4BBA5E4B88B33E4B8AAE789B9E782B9EFBC9A3C62723E3C2F703E0A3C703E31EFBC8EE58FAAE883BDE69C89E4B880E4B8AAE5AE9EE4BE8BE380823C62723E3C2F703E0A3C703E32EFBC8EE5BF85E9A1BBE887AAE8A18CE5889BE5BBBAE8BF99E4B8AAE5AE9EE4BE8BE380823C62723E3C2F703E0A3C703E33EFBC8EE5BF85E9A1BBE7BB99E585B6E4BB96E5AFB9E8B1A1E68F90E4BE9BE8BF99E4B880E5AE9EE4BE8BE380823C62723E3C2F703E0A3C703E3C7374726F6E673EE982A3E4B988E4B8BAE4BB80E4B988E8A681E4BDBFE794A8504850E58D95E4BE8BE6A8A1E5BC8FEFBC9F3C2F7374726F6E673E3C2F703E0A3C703E504850E4B880E4B8AAE4B8BBE8A681E5BA94E794A8E59CBAE59088E5B0B1E698AFE5BA94E794A8E7A88BE5BA8FE4B88EE695B0E68DAEE5BA93E68993E4BAA4E98193E79A84E59CBAE699AFEFBC8CE59CA8E4B880E4B8AAE5BA94E794A8E4B8ADE4BC9AE5AD98E59CA8E5A4A7E9878FE79A84E695B0E68DAEE5BA93E6938DE4BD9CEFBC8CE99288E5AFB9E695B0E68DAEE5BA93E58FA5E69F84E8BF9EE68EA5E695B0E68DAEE5BA93E79A84E8A18CE4B8BAEFBC8CE4BDBFE794A8E58D95E4BE8BE6A8A1E5BC8FE58FAFE4BBA5E981BFE5858DE5A4A7E9878FE79A846E6577E6938DE4BD9CE38082E59BA0E4B8BAE6AF8FE4B880E6ACA16E6577E6938DE4BD9CE983BDE4BC9AE6B688E88097E7B3BBE7BB9FE5928CE58685E5AD98E79A84E8B584E6BA90E380823C2F703E0A3C70726520636C6173733D2262727573683A7068703B746F6F6C6261723A66616C7365223E636C617373C2A053696E676C65C2A07B0A70726976617465C2A0246E616D653B2F2FE5A3B0E6988EE4B880E4B8AAE7A781E69C89E79A84E5AE9EE4BE8BE58F98E9878F0A70726976617465C2A066756E6374696F6EC2A05F5F636F6E73747275637428297B2F2FE5A3B0E6988EE7A781E69C89E69E84E980A0E696B9E6B395E4B8BAE4BA86E998B2E6ADA2E5A496E983A8E4BBA3E7A081E4BDBFE794A86E6577E69DA5E5889BE5BBBAE5AFB9E8B1A1E380820A7D0A737461746963C2A07075626C6963C2A024696E7374616E63653B2F2FE5A3B0E6988EE4B880E4B8AAE99D99E68081E58F98E9878FEFBC88E4BF9DE5AD98E59CA8E7B1BBE4B8ADE594AFE4B880E79A84E4B880E4B8AAE5AE9EE4BE8BEFBC890A737461746963C2A07075626C6963C2A066756E6374696F6EC2A0676574696E7374616E636528297B2F2FE5A3B0E6988EE4B880E4B8AA676574696E7374616E63652829E99D99E68081E696B9E6B395EFBC8CE794A8E4BA8EE6A380E6B58BE698AFE590A6E69C89E5AE9EE4BE8BE5AFB9E8B1A10A6966282173656C663A3A24696E7374616E636529C2A073656C663A3A24696E7374616E6365C2A03DC2A06E6577C2A073656C6628293B0A72657475726EC2A073656C663A3A24696E7374616E63653B0A7D0A7075626C6963C2A066756E6374696F6EC2A07365746E616D6528246E297BC2A024746869732D2667743B6E616D65C2A03DC2A0246E3BC2A07D0A7075626C6963C2A066756E6374696F6EC2A06765746E616D6528297BC2A072657475726EC2A024746869732D2667743B6E616D653BC2A07D0A7D0A246F61C2A03DC2A053696E676C653A3A676574696E7374616E636528293B0A246F62C2A03DC2A053696E676C653A3A676574696E7374616E636528293B0A246F612D2667743B7365746E616D65282768656C6C6FC2A0776F726C6427293B0A246F622D2667743B7365746E616D652827676F6F64C2A06D6F726E696E6727293B0A6563686FC2A0246F612D2667743B6765746E616D6528293B2F2F676F6F64C2A06D6F726E696E670A6563686FC2A0246F622D2667743B6765746E616D6528293B2F2F676F6F64C2A06D6F726E696E673C2F7072653E0A3C703E3C62723E3C2F703E0A, '', '0', '1', '1', '0', '1591027200', '李清波', '', '', '1', '0');
INSERT INTO `cms_article` VALUES ('245', '24', 'PHP死循环写法和作用', '\n很多新手在刚开始写PHP的时候，经常会不小心把循环写成了死循环，但有时候利用好死循环，php的死循环能帮助我们解决很多问题', 'PHP死循环写法和作用,jhphpcms博客', '很多新手在刚开始写PHP的时候，经常会不小心把循环写成了死循环，但有时候利用好死循环，php的死循环能帮助我们解决很多问题。', '', '', 0x0A3C703EE5BE88E5A49AE696B0E6898BE59CA8E5889AE5BC80E5A78BE58699504850E79A84E697B6E58099EFBC8CE7BB8FE5B8B8E4BC9AE4B88DE5B08FE5BF83E68A8AE5BEAAE78EAFE58699E68890E4BA86E6ADBBE5BEAAE78EAFEFBC8CE4BD86E69C89E697B6E58099E588A9E794A8E5A5BDE6ADBBE5BEAAE78EAFEFBC8C706870E79A84E6ADBBE5BEAAE78EAFE883BDE5B8AEE58AA9E68891E4BBACE8A7A3E586B3E5BE88E5A49AE997AEE9A298E380823C2F703E0A3C703E3C7374726F6E673EE69C80E7AE80E58D95E79A84E6ADBBE5BEAAE78EAFE58699E6B3953C2F7374726F6E673E3C2F703E0A3C70726520636C6173733D2262727573683A7068703B746F6F6C6261723A66616C7365223E7768696C65C2A0287472756529C2A07B0AC2A0C2A0C2A0C2A02F2FC2A0E8BF99E9878CE58FAFE4BBA5E58699E5BEAAE78EAFE4B8ADE689A7E8A18CE6938DE4BD9C0A7D3C2F7072653E0A3C703E3C7374726F6E673EE6ADBBE5BEAAE78EAFE58699E6B395E4BA8C3C2F7374726F6E673E3C2F703E0A3C70726520636C6173733D2262727573683A7068703B746F6F6C6261723A66616C7365223E646FC2A07B0AC2A0C2A02F2FE8A681E689A7E8A18CE79A84E4BBA3E7A0813B0A7DC2A07768696C65C2A02874727565293B3C2F7072653E0A3C703E3C7374726F6E673EE6ADBBE5BEAAE78EAFE58699E6B395E4B8893C2F7374726F6E673E3C2F703E0A3C70726520636C6173733D2262727573683A7068703B746F6F6C6261723A66616C7365223E666F722824693D313B692667743B303B692B2B297B0AC2A0C2A0C2A0C2A02F2FC2A0E8BF99E9878CE58FAFE4BBA5E58699E5BEAAE78EAFE4B8ADE689A7E8A18CE6938DE4BD9C0A7D3C2F7072653E0A3C703EE4B88AE99DA2E79A84E58699E6B395E59BA0E4B8BA2469E9BB98E8AEA4E5B0B1E6AF9430E5A4A7EFBC8CE68980E4BBA5E689A7E8A18C24692B2BEFBC8CE68980E4BBA5E9878CE99DA2E79A84E5BEAAE78EAFE6B0B8E8BF9CE4B8BAE79C9FEFBC8CE68980E4BBA5E698AFE6ADBBE5BEAAE78EAF3C2F703E0A3C703E3C7374726F6E673EE4BDBFE794A8E59CBAE699AF3C2F7374726F6E673E3C2F703E0A3C703EE68891E4BBACE59CA8E9809AE8BF87E6ADBBE5BEAAE78EAFE58EBBE8AFBBE58F96E68896E88085E689A7E8A18CE4B880E4BA9BE695B0E68DAEEFBC8CE6AF94E5A682E6ADBBE5BEAAE78EAFE58EBBE689A7E8A18C7265646973E695B0E68DAEE69BB4E696B0E7AD89E6938DE4BD9C3C2F703E0A3C703E3C7374726F6E673EE7BB88E6ADA2E5BEAAE78EAF3C2F7374726F6E673E3C2F703E0A3C703EE9809AE8BF87627265616B3BE696B9E6B395E58FAFE4BBA5E8B7B3E587BAE6ADBBE5BEAAE78EAF3C2F703E0A3C703E3C62723E3C2F703E0A3C703E3C7374726F6E673EE6ADBBE5BEAAE78EAFE7AEA1E4B8ADE5B8B8E794A8E588B0E79A84E587BDE695B03C2F7374726F6E673E3C2F703E0A3C70726520636C6173733D2262727573683A7068703B746F6F6C6261723A66616C7365223E736C6565702829C2A0C2A02F2FE4B8BBE8A681E698AFE8AEA9E6ADBBE5BEAAE78EAFE5BE97E588B0E4BC91E681AFEFBC8CE4B88DE887B3E4BA8EE5B4A9E6BA83E380820A7365745F74696D655F6C696D69742830293BC2A02F2FE8AEBEE7BDAEE689A7E8A18CE69C80E995BFE697B6E997B4EFBC8C30E4B8BAE697A0E99990E588B6E380820A69676E6F72655F757365725F61626F72742874727565293BC2A0C2A02F2FE585B3E997ADE6B58FE8A788E599A8EFBC8CE69C8DE58AA1E599A8E4B99FE883BDE887AAE58AA8E689A7E8A18CE380820A627265616B3BC2A02F2FE8B7B3E587BAE5BEAAE78EAF3C2F7072653E0A3C703E3C62723E3C2F703E0A, '', '0', '1', '1', '0', '1591027200', '李清波', '', '', '1', '0');
INSERT INTO `cms_article` VALUES ('246', '24', 'PHP strtotime的BUG处理', '\n最近使用了strtotime结合-1 month, +1 month, next month获取上个月或者下个月的日期，不过刚看到一篇文章，才知道原来使用strtotime直接获取日期还是有点小BUG\nBUG\n如日期：\n$today = \'2020-12-31\';\necho date(\"Y-m-d\",strtotime(\"$today -1 month\"))\n输出\n2020-12-01\n根据上面', 'strtotime,jhphpcms博客', '最近使用了strtotime结合-1 month, +1 month, next month获取上个月或者下个月的日期，不过刚看到一篇文章，才知道原来使用strtotime直接获取日期还是有点小BUG', '', '', 0x0A3C703EE69C80E8BF91E4BDBFE794A8E4BA86737472746F74696D65E7BB93E590882D31206D6F6E74682C202B31206D6F6E74682C206E657874206D6F6E7468E88EB7E58F96E4B88AE4B8AAE69C88E68896E88085E4B88BE4B8AAE69C88E79A84E697A5E69C9FEFBC8CE4B88DE8BF87E5889AE79C8BE588B0E4B880E7AF87E69687E7ABA0EFBC8CE6898DE79FA5E98193E58E9FE69DA5E4BDBFE794A8737472746F74696D65E79BB4E68EA5E88EB7E58F96E697A5E69C9FE8BF98E698AFE69C89E782B9E5B08F4255473C2F703E0A3C703E3C7374726F6E673E4255473C2F7374726F6E673E3C2F703E0A3C703EE5A682E697A5E69C9FEFBC9A3C2F703E0A3C70726520636C6173733D2262727573683A7068703B746F6F6C6261723A66616C7365223E24746F646179C2A03DC2A027323032302D31322D3331273B0A6563686FC2A0646174652822592D6D2D64222C737472746F74696D65282224746F646179C2A02D31C2A06D6F6E74682229293C2F7072653E0A3C703EE8BE93E587BA3C2F703E0A3C70726520636C6173733D2262727573683A7068703B746F6F6C6261723A66616C7365223E323032302D31322D30313C2F7072653E0A3C703EE6A0B9E68DAEE4B88AE99DA2E79A84E8BE93E587BAE58FAFE4BBA5E79C8BE587BAE69DA5EFBC8CE8BE93E587BAE79A84E8BF98E698AF32303230E5B9B43132E69C883C2F703E0A3C703E3C7374726F6E673EE58886E69E903A3C2F7374726F6E673E3C2F703E0A3C703EE58588E5819A2D31206D6F6E74682C20E982A3E4B988E5BD93E5898DE698AF30372D33312C20E5878FE58EBBE4B880E4BBA5E5908EE5B0B1E698AF30362D33312E3C2F703E0A3C703EE5868DE5819AE697A5E69C9FE8A784E88C83E58C962C20E59BA0E4B8BA36E69C88E6B2A1E69C893331E58FB72C20E68980E4BBA5E5B0B1E5A5BDE5838F32E782B93630E7AD89E4BA8E33E782B9E4B880E6A0B72C2036E69C883331E5B0B1E7AD89E4BA8EE4BA8637E69C88313C2F703E0A3C703EE698AFE4B88DE698AFE980BBE8BE91E5BE88E2809DE6B885E699B0E2809DE591A23F20E68891E4BBACE4B99FE58FAFE4BBA5E6898BE58AA8E9AA8CE8AF81E7ACACE4BA8CE4B8AAE6ADA5E9AAA42C20E6AF94E5A6823A3C2F703E0A3C70726520636C6173733D2262727573683A7068703B746F6F6C6261723A66616C7365223E7661725F64756D7028646174652822592D6D2D64222CC2A0737472746F74696D652822323032302D31322D3331222929293B0A2F2FC2A0E8BE93E587BA323032302D31322D30313C2F7072653E0A3C703EE4B99FE5B0B1E698AFE8AFB42C20E58FAAE8A681E6B689E58F8AE588B0E5A4A7E5B08FE69C88E79A84E69C80E5908EE4B880E5A4A92C20E983BDE58FAFE883BDE4BC9AE69C89E8BF99E4B8AAE8BFB7E683912C20E68891E4BBACE4B99FE58FAFE4BBA5E5BE88E8BDBBE69DBEE79A84E9AA8CE8AF81E7B1BBE4BCBCE79A84E585B6E4BB96E69C88E4BBBD2C20E58DB0E8AF81E8BF99E4B8AAE7BB93E8AEBA3A3C2F703E0A3C70726520636C6173733D2262727573683A7068703B746F6F6C6261723A66616C7365223E7661725F64756D7028646174652822592D6D2D64222CC2A0737472746F74696D6528222D31C2A06D6F6E7468222CC2A0737472746F74696D652822323032302D31322D333122292929293B0A2F2FC2A0E8BE93E587BA323032302D31322D30330A0A7661725F64756D7028646174652822592D6D2D64222CC2A0737472746F74696D6528222B31C2A06D6F6E7468222CC2A0737472746F74696D652822323032302D30382D333122292929293B0A2F2FC2A0E8BE93E587BA323032302D31302D30310A0A7661725F64756D7028646174652822592D6D2D64222CC2A0737472746F74696D6528226E657874C2A06D6F6E7468222CC2A0737472746F74696D652822323032302D30312D333122292929293B0A2F2FC2A0E8BE93E587BA323032302D30332D30330A0A7661725F64756D7028646174652822592D6D2D64222CC2A0737472746F74696D6528226C617374C2A06D6F6E7468222CC2A0737472746F74696D652822323032302D30332D333122292929293B0A2F2FC2A0E8BE93E587BA323032302D30332D30333C2F7072653E0A3C703E3C7370616E207374796C653D22636F6C6F723A20726762283235352C20302C2030293B223EE8A7A3E586B3E696B9E6A1883C2F7370616E3E3C2F703E0A3C703EE4BB8E504850352E33E5BC80E5A78BE591A22C2064617465E696B0E5A29EE4BA86E4B880E7B3BBE58897E4BFAEE6ADA3E79FADE8AFAD2C20E69DA5E6988EE7A1AEE8BF99E4B8AAE997AEE9A2982C20E982A3E5B0B1E698AFE2809D666972737420646179206F66E2809D20E5928C20E2809C6C61737420646179206F66E2809D2C20E4B99FE5B0B1E698AFE4BDA0E58FAFE4BBA5E99990E5AE9AE5A5BDE4B88DE8A681E8AEA964617465E887AAE58AA8E2809DE8A784E88C83E58C96E2809D3A3C62723E3C2F703E0A3C70726520636C6173733D2262727573683A7068703B746F6F6C6261723A66616C7365223E7661725F64756D7028646174652822592D6D2D64222CC2A0737472746F74696D6528226C617374C2A0646179C2A06F66C2A02D31C2A06D6F6E7468222CC2A0737472746F74696D652822323032302D30332D333122292929293B0A2F2FE8BE93E587BA323032302D30322D32380A0A7661725F64756D7028646174652822592D6D2D64222CC2A0737472746F74696D6528226669727374C2A0646179C2A06F66C2A02B31C2A06D6F6E7468222CC2A0737472746F74696D652822323032302D30382D333122292929293B0A2F2FE8BE93E587BA323032302D30392D30310A0A7661725F64756D7028646174652822592D6D2D64222CC2A0737472746F74696D6528226669727374C2A0646179C2A06F66C2A06E657874C2A06D6F6E7468222CC2A0737472746F74696D652822323032302D30312D333122292929293B0A2F2FE8BE93E587BA323032302D30322D30310A0A7661725F64756D7028646174652822592D6D2D64222CC2A0737472746F74696D6528226C617374C2A0646179C2A06F66C2A06C617374C2A06D6F6E7468222CC2A0737472746F74696D652822323032302D30332D333122292929293B0A2F2FE8BE93E587BA323032302D30322D32383C2F7072653E0A3C703EE982A3E5A682E69E9CE698AF352E33E4B98BE5898DE79A84E78988E69CAC2C20E58FAFE4BBA5E4BDBFE794A86D6B74696D65E4B98BE7B1BBE79A842C20E68A8AE68980E69C89E79A84E697A5E5AD90E5BFBDE795A5E68E892C20E6AF94E5A682E983BDE99990E5AE9AE4B8BAE6AF8FE69C8831E58FB7E5B0B1E58FAFE4BBA5E4BA862C20E58FAAE4B88DE8BF87E5B0B1E4B88DE5A682E79BB4E68EA5E794A8666972737420646179E69DA5E79A84E69BB4E58AA0E4BC98E99B852E3C2F703E0A, '', '0', '1', '1', '0', '1591027200', '李清波', '', '', '1', '0');
INSERT INTO `cms_article` VALUES ('247', '24', 'PHP获取数组中含有相同元素的方法', '\nPHP获取数组中含有相同元素的方法\n\n方法一：\npublic function get_array_same_value($arr){\n   foreach ($arr as $key =&gt; $val) {\n      $value = $val;\n       unset($arr[$key]);\n       if(in_array($value,$arr)){\n           ', 'get_array_same_value,jhphpcms博客', '遍历数组中所有的值，先把值赋予$value，再删除当前元素，通过in_array函数判断数组中是否含有当前元素，有则将相同的元素赋予$sameArr变量，重复执行直至所有元素。', '', '', 0x0A3C703E504850E88EB7E58F96E695B0E7BB84E4B8ADE590ABE69C89E79BB8E5908CE58583E7B4A0E79A84E696B9E6B3953C2F703E0A3C703E3C62723E3C2F703E0A3C703EE696B9E6B395E4B880EFBC9A3C2F703E0A3C70726520636C6173733D2262727573683A7068703B746F6F6C6261723A66616C7365223E7075626C6963C2A066756E6374696F6EC2A06765745F61727261795F73616D655F76616C75652824617272297B0AC2A0C2A0C2A0666F7265616368C2A02824617272C2A06173C2A0246B6579C2A03D2667743BC2A02476616C29C2A07B0AC2A0C2A0C2A0C2A0C2A0C2A02476616C7565C2A03DC2A02476616C3B0AC2A0C2A0C2A0C2A0C2A0C2A0C2A0756E73657428246172725B246B65795D293B0AC2A0C2A0C2A0C2A0C2A0C2A0C2A0696628696E5F6172726179282476616C75652C2461727229297B0AC2A0C2A0C2A0C2A0C2A0C2A0C2A0C2A0C2A0C2A0C2A02473616D654172725B5DC2A03DC2A02476616C75653B0AC2A0C2A0C2A0C2A0C2A0C2A0C2A07D0AC2A0C2A0C2A07D0AC2A0C2A0C2A072657475726EC2A02473616D654172723B0A7D3C2F7072653E0A3C703EE8AFB4E6988EEFBC9AE9818DE58E86E695B0E7BB84E4B8ADE68980E69C89E79A84E580BCEFBC8CE58588E68A8AE580BCE8B58BE4BA882476616C7565EFBC8CE5868DE588A0E999A4E5BD93E5898DE58583E7B4A0EFBC8CE9809AE8BF87696E5F6172726179E587BDE695B0E588A4E696ADE695B0E7BB84E4B8ADE698AFE590A6E590ABE69C89E5BD93E5898DE58583E7B4A0EFBC8CE69C89E58899E5B086E79BB8E5908CE79A84E58583E7B4A0E8B58BE4BA882473616D65417272E58F98E9878FEFBC8CE9878DE5A48DE689A7E8A18CE79BB4E887B3E68980E69C89E58583E7B4A0E380823C2F703E0A, '', '0', '1', '1', '0', '1590681600', '李清波', '', '', '1', '0');
INSERT INTO `cms_article` VALUES ('248', '24', 'PHP array_column() 函数', '\narray_column() 返回输入数组中某个单一列的值。\nPHP 版本：5.5+\n语法\narray_column(array,column_key,index_key);\n实例\n从记录集中取出 last_name 列，用相应的 \"id\" 列作为键值：\n// 表示由数据库返回的可能记录集的数组\n&lt;?php\n$a = array(\n  array(\n    \'id\' =&gt; 5698,', 'array_column,PHP, 函数,jhphpcms博客', 'array_column() 返回输入数组中某个单一列的值。\n', '', '', 0x0A3C703E61727261795F636F6C756D6E282920E8BF94E59B9EE8BE93E585A5E695B0E7BB84E4B8ADE69F90E4B8AAE58D95E4B880E58897E79A84E580BCE380823C2F703E0A3C703E50485020E78988E69CACEFBC9A352E352B3C2F703E0A3C703E3C7374726F6E673EE8AFADE6B3953C2F7374726F6E673E3C2F703E0A3C70726520636C6173733D2262727573683A7068703B746F6F6C6261723A66616C7365223E61727261795F636F6C756D6E2861727261792C636F6C756D6E5F6B65792C696E6465785F6B6579293B3C2F7072653E0A3C703E3C7374726F6E673EE5AE9EE4BE8B3C2F7374726F6E673E3C2F703E0A3C703EE4BB8EE8AEB0E5BD95E99B86E4B8ADE58F96E587BA206C6173745F6E616D6520E58897EFBC8CE794A8E79BB8E5BA94E79A84202269642220E58897E4BD9CE4B8BAE994AEE580BCEFBC9A3C2F703E0A3C70726520636C6173733D2262727573683A7068703B746F6F6C6261723A66616C7365223E2F2FC2A0E8A1A8E7A4BAE794B1E695B0E68DAEE5BA93E8BF94E59B9EE79A84E58FAFE883BDE8AEB0E5BD95E99B86E79A84E695B0E7BB840A266C743B3F7068700A2461C2A03DC2A06172726179280AC2A0C2A06172726179280AC2A0C2A0C2A0C2A027696427C2A03D2667743BC2A0353639382C0AC2A0C2A0C2A0C2A02766697273745F6E616D6527C2A03D2667743BC2A02742696C6C272C0AC2A0C2A0C2A0C2A0276C6173745F6E616D6527C2A03D2667743BC2A0274761746573272C0AC2A0C2A0292C0AC2A0C2A06172726179280AC2A0C2A0C2A0C2A027696427C2A03D2667743BC2A0343736372C0AC2A0C2A0C2A0C2A02766697273745F6E616D6527C2A03D2667743BC2A0275374657665272C0AC2A0C2A0C2A0C2A0276C6173745F6E616D6527C2A03D2667743BC2A0274A6F6273272C0AC2A0C2A0292C0AC2A0C2A06172726179280AC2A0C2A0C2A0C2A027696427C2A03D2667743BC2A0333830392C0AC2A0C2A0C2A0C2A02766697273745F6E616D6527C2A03D2667743BC2A0274D61726B272C0AC2A0C2A0C2A0C2A0276C6173745F6E616D6527C2A03D2667743BC2A0275A75636B657262657267272C0AC2A0C2A0290A293B0A246C6173745F6E616D6573C2A03DC2A061727261795F636F6C756D6E2824612CC2A0276C6173745F6E616D6527293B0A7072696E745F7228246C6173745F6E616D6573293B0A3F2667743B3C2F7072653E0A3C703EE8BE93E587BAEFBC9A3C2F703E0A3C70726520636C6173733D2262727573683A7068703B746F6F6C6261723A66616C7365223E417272617928C2A0C2A05B305DC2A03D2667743BC2A04761746573C2A0C2A05B315DC2A03D2667743BC2A04A6F6273C2A0C2A05B325DC2A03D2667743BC2A05A75636B657262657267293C2F7072653E0A3C703E3C62723E3C2F703E0A, '', '0', '1', '1', '0', '1590595200', '李清波', '', '', '1', '0');
INSERT INTO `cms_article` VALUES ('249', '24', 'PHP判断变量是否为整型', '\n1、is_int()\n2、is_numeric()\n\n两个函数的区别：\n当变量为字符串\'1\'时\nis_int()的返回值为false，\nis_numeric()的返回值为true\n\n当变量为数字1时，两个都为true\nis_int()的返回值为true\nis_numeric()的返回值为true\n\n', 'PHP判断变量是否为整型,jhphpcms博客', '两个函数的区别，当变量为\'1\'时，\nis_int()的返回值为false，\nis_numeric()的返回值为true', '', '', 0x0A3C703E31E3808169735F696E7428293C62723E3C2F703E0A3C703E32E3808169735F6E756D6572696328293C2F703E0A3C703E3C62723E3C2F703E0A3C703EE4B8A4E4B8AAE587BDE695B0E79A84E58CBAE588ABEFBC9A3C2F703E0A3C703EE5BD93E58F98E9878FE4B8BAE5AD97E7ACA6E4B8B2273127E697B63C2F703E0A3C703E69735F696E742829E79A84E8BF94E59B9EE580BCE4B8BA66616C7365EFBC8C3C2F703E0A3C703E69735F6E756D657269632829E79A84E8BF94E59B9EE580BCE4B8BA747275653C2F703E0A3C703E3C62723E3C2F703E0A3C703EE5BD93E58F98E9878FE4B8BAE695B0E5AD9731E697B6EFBC8CE4B8A4E4B8AAE983BDE4B8BA747275653C2F703E0A3C70207374796C653D2277686974652D73706163653A206E6F726D616C3B223E69735F696E742829E79A84E8BF94E59B9EE580BCE4B8BA747275653C2F703E0A3C70207374796C653D2277686974652D73706163653A206E6F726D616C3B223E69735F6E756D657269632829E79A84E8BF94E59B9EE580BCE4B8BA747275653C2F703E0A3C703E3C62723E3C2F703E0A, '', '0', '1', '1', '0', '1590163200', '李清波', '', '', '1', '0');
INSERT INTO `cms_article` VALUES ('250', '24', 'trim() expects parameter 1 to be string, int given', '\ntrim() expects parameter 1 to be string, int given\n主要是trim缺少参数\n注：参数必须是字符串（整型也会报错）\n', 'trim() expects parameter 1 to be string, int given,jhphpcms博客', 'trim() expects parameter 1 to be string, int given', '', '', 0x0A3C70726520636C6173733D2262727573683A7068703B746F6F6C6261723A66616C7365223E7472696D2829C2A065787065637473C2A0706172616D65746572C2A031C2A0746FC2A06265C2A0737472696E672CC2A0696E74C2A0676976656E3C2F7072653E0A3C703EE4B8BBE8A681E698AF7472696DE7BCBAE5B091E58F82E695B03C2F703E0A3C703E3C7370616E207374796C653D22636F6C6F723A20726762283235352C20302C2030293B223EE6B3A8EFBC9AE58F82E695B0E5BF85E9A1BBE698AFE5AD97E7ACA6E4B8B2EFBC88E695B4E59E8BE4B99FE4BC9AE68AA5E99499EFBC893C2F7370616E3E3C2F703E0A, '', '0', '1', '1', '0', '1590163200', '李清波', '', '', '1', '0');
INSERT INTO `cms_article` VALUES ('251', '24', 'Warning: Unknown: Input variables exceeded 1000. To increase the limit change max_input_vars in php.ini. in Unknown on line 0', '\npost提交报错\nWarning: Unknown: Input variables exceeded 1000. To increase the limit change max_input_vars in php.ini. in Unknown on line 0\n警告:未知:输入变量超过1000', 'Warning: Unknown: Input variables exceeded 1000. To increase the limit change max_input_vars in php.ini. in Unknown on line 0,jhphpcms博客', '警告:未知:输入变量超过1000。要增加php.ini中的限制更改max_input_vars。在未知的第0行', '', '', 0x0A3C703E706F7374E68F90E4BAA4E68AA5E994993C2F703E0A3C70726520636C6173733D2262727573683A7068703B746F6F6C6261723A66616C7365223E5761726E696E673AC2A0556E6B6E6F776E3AC2A0496E707574C2A07661726961626C6573C2A06578636565646564C2A0313030302EC2A0546FC2A0696E637265617365C2A0746865C2A06C696D6974C2A06368616E6765C2A06D61785F696E7075745F76617273C2A0696EC2A07068702E696E692EC2A0696EC2A0556E6B6E6F776EC2A06F6EC2A06C696E65C2A0303C2F7072653E0A3C703EE8ADA6E5918A3AE69CAAE79FA53AE8BE93E585A5E58F98E9878FE8B685E8BF8731303030E38082E8A681E5A29EE58AA07068702E696E69E4B8ADE79A84E99990E588B6E69BB4E694B96D61785F696E7075745F76617273E38082E59CA8E69CAAE79FA5E79A84E7ACAC30E8A18C3C2F703E0A3C703E3C7370616E207374796C653D27636F6C6F723A207267622834362C2034382C203531293B20666F6E742D66616D696C793A20417269616C2C20224D6963726F736F6674205961486569222C20E5BEAEE8BDAFE99B85E9BB912C20E5AE8BE4BD932C20224D616C67756E20476F74686963222C204D656972796F2C2073616E732D73657269663B20666F6E742D73697A653A20313470783B20666F6E742D76617269616E742D6E756D657269633A206E6F726D616C3B20666F6E742D76617269616E742D656173742D617369616E3A206E6F726D616C3B206C696E652D6865696768743A20313870783B206261636B67726F756E642D636F6C6F723A20726762283235352C203235352C20323535293B273E3C62723E3C2F7370616E3E3C2F703E0A3C703EE6848FE6809DE5B0B1E698AFE8BE93E585A5EFBC88E68F90E4BAA4EFBC89E79A84E58F98E9878FE8B685E8BF87E9BB98E8AEA4203130303020E4B8AAE4BA86EFBC8CE5A682E69E9CE99C80E8A681E58F98E69BB4E99990E588B6EFBC8CE688B3E5BC80207068702E696E693C2F703E0A3C703E3C62723E3C2F703E0A3C703EE6909CE7B4A2206D61785F696E7075745F76617273EFBC8CE68A8AE5898DE99DA2E79A84E58886E58FB7203B20E58EBBE68E89EFBC8C3130303020E694B9E5A4A7E4B880E782B9EFBC8CE69C80E5908EE9878DE590AF2050485020E58DB3E58FAFE380823C2F703E0A3C703E3C62723E3C2F703E0A3C703E3C7374726F6E673EE585B6E4BB96E5A484E79086E696B9E5BC8F3C2F7374726F6E673E3C2F703E0A3C703E3C7370616E207374796C653D27636F6C6F723A207267622833332C2033372C203431293B20666F6E742D66616D696C793A202D6170706C652D73797374656D2C20426C696E6B4D616353797374656D466F6E742C20225365676F65205549222C20526F626F746F2C202248656C766574696361204E657565222C20417269616C2C20224E6F746F2053616E73222C2073616E732D73657269662C20224170706C6520436F6C6F7220456D6F6A69222C20225365676F6520554920456D6F6A69222C20225365676F652055492053796D626F6C222C20224E6F746F20436F6C6F7220456D6F6A69223B206261636B67726F756E642D636F6C6F723A20726762283235352C203235352C20323535293B273EE695B0E68DAEE9809AE8BF87204A534F4E2E737472696E67696679282920E5A484E79086E5908EE4BCA0E98092E588B0E5908EE7ABAFE58DB3E58FAF3C2F7370616E3E3C2F703E0A, '', '0', '1', '1', '0', '1590163200', '李清波', '', '', '1', '0');
INSERT INTO `cms_article` VALUES ('252', '24', 'PHP判断数组是否有重复值', '\n一、判断是否有重复值\nif (count($arr) != count(array_unique($arr))) {\n    echo \'该数组有重复值\';\n}\n说明：获取数组的元素数量，如果有重复的，array_unique函数会将重复的剔除掉，相比不等则有重复', 'PHP判断数组是否有重复值,jhphpcms博客', '获取数组的元素数量，如果有重复的，array_unique函数会将重复的剔除掉，相比不等则有重复。', '', '', 0x0A3C703E3C7374726F6E673EE4B880E38081E588A4E696ADE698AFE590A6E69C89E9878DE5A48DE580BC3C2F7374726F6E673E3C2F703E0A3C70726520636C6173733D2262727573683A7068703B746F6F6C6261723A66616C7365223E6966C2A028636F756E74282461727229C2A0213DC2A0636F756E742861727261795F756E697175652824617272292929C2A07B0AC2A0C2A0C2A0C2A06563686FC2A027E8AFA5E695B0E7BB84E69C89E9878DE5A48DE580BC273B0A7D3C2F7072653E0A3C703EE8AFB4E6988EEFBC9AE88EB7E58F96E695B0E7BB84E79A84E58583E7B4A0E695B0E9878FEFBC8CE5A682E69E9CE69C89E9878DE5A48DE79A84EFBC8C61727261795F756E69717565E587BDE695B0E4BC9AE5B086E9878DE5A48DE79A84E58994E999A4E68E89EFBC8CE79BB8E6AF94E4B88DE7AD89E58899E69C89E9878DE5A48DE380823C62723E3C2F703E0A3C703E3C62723E3C2F703E0A3C703E3C7374726F6E673EE4BA8CE38081E88EB7E58F96E9878DE5A48DE79A84E580BCEFBC88E4B880E7BBB4E695B0E7BB84E79A84E580BCE5AE8CE585A8E79BB8E7AD89E698AFE9878DE5A48DEFBC9BE5A682E69E9CE698AFE4BA8CE7BBB4E695B0E7BB84EFBC8CE4BA8CE7BBB4E695B0E7BB84E4B8ADE79A84E580BCE5BF85E9A1BBE5AE8CE585A8E79BB8E5908CE6898DE698AFE9878DE5A48DEFBC893C2F7374726F6E673E3C2F703E0A3C70726520636C6173733D2262727573683A7068703B746F6F6C6261723A66616C7365223E66756E6374696F6EC2A0676574526570656174282461727229C2A07B0AC2A0C2A0C2A0C2A02F2FC2A0E88EB7E58F96E58EBBE68E89E9878DE5A48DE695B0E68DAEE79A84E695B0E7BB84C2A0C2A0C2A00AC2A0C2A0C2A0C2A024756E697175655F617272C2A03DC2A061727261795F756E69717565C2A028C2A024617272C2A0293BC2A0C2A0C2A00AC2A0C2A0C2A0C2A02F2FC2A0E88EB7E58F96E9878DE5A48DE695B0E68DAEE79A84E695B0E7BB84C2A0C2A0C2A00AC2A0C2A0C2A0C2A0247265706561745F617272C2A03DC2A061727261795F646966665F6173736F63C2A028C2A0246172722CC2A024756E697175655F617272C2A0293B0AC2A00AC2A0C2A0C2A0C2A072657475726EC2A0247265706561745F6172723B0A7D3C2F7072653E0A3C703E3C62723E3C2F703E0A3C703E3C7374726F6E673EE4B889E38081E4BA8CE7BBB4E695B0E7BB84E5B180E983A8E994AEE5AFB9E5BA94E580BCE695B0E68DAEE588A4E696ADE698AFE590A6E9878DE5A48D3C2F7374726F6E673E3C2F703E0A3C70726520636C6173733D2262727573683A7068703B746F6F6C6261723A66616C7365223E2F2A0AE4BD9CE794A8EFBC9AE6A0B9E68DAEE4BA8CE7BBB4E695B0E7BB84E4B8ADE79A84E983A8E58886E994AEE580BCE588A4E696ADE4BA8CE7BBB4E695B0E7BB84E4B8ADE698AFE590A6E69C89E9878DE5A48DE580BC0AE58F82E695B0EFBC9A0A24617272C2A0C2A0E28094E28094C2A0E79BAEE6A087E695B0E7BB840A246B657973C2A0E28094E28094C2A0E8A681E8BF9BE8A18CE588A4E696ADE79A84E994AEE580BCE7BB84E59088E79A84E695B0E7BB840AE8BF94E59B9EEFBC9AE9878DE5A48DE79A84E580BC0AE689A9E5B195EFBC9AE588A4E696ADE79A84E994AEE580BC0A2A2F0A66756E6374696F6EC2A067657452657065617428246172722C246B65797329C2A07B0AC2A0C2A0C2A024756E697175655F617272C2A03DC2A0617272617928293B0AC2A0C2A0C2A0247265706561745F617272C2A03DC2A0617272617928293B0AC2A0C2A0C2A0666F7265616368C2A02824617272C2A06173C2A0246BC2A03D2667743BC2A0247629C2A07B0AC2A0C2A0C2A0C2A0C2A0C2A024737472C2A03DC2A022223B0AC2A0C2A0C2A0C2A0C2A0C2A0666F7265616368C2A028246B657973C2A06173C2A02461C2A03D2667743BC2A0246229C2A07B0AC2A0C2A0C2A0C2A0C2A0C2A0C2A0C2A0C2A024737472C2A02E3DC2A0227B24765B24625D7D2C223B0AC2A0C2A0C2A0C2A0C2A0C2A07D0AC2A0C2A0C2A0C2A0C2A0C2A0696628C2A021696E5F617272617928247374722CC2A024756E697175655F61727229C2A0297B0AC2A0C2A0C2A0C2A0C2A0C2A0C2A0C2A0C2A024756E697175655F6172725B5DC2A03DC2A0247374723B0AC2A0C2A0C2A0C2A0C2A0C2A07DC2A0656C7365C2A07B0AC2A0C2A0C2A0C2A0C2A0C2A0C2A0C2A0C2A0247265706561745F6172725B5DC2A03DC2A024763B0AC2A0C2A0C2A0C2A0C2A0C2A07D0AC2A0C2A0C2A07D0AC2A0C2A0C2A072657475726EC2A0247265706561745F6172723B0A7D3C2F7072653E0A3C703EC2A03C2F703E0A3C703E3C7374726F6E673EE4BE8BE5AD90EFBC9A3C2F7374726F6E673E3C2F703E0A3C70726520636C6173733D2262727573683A7068703B746F6F6C6261723A66616C7365223E2461727231C2A03DC2A061727261792822616161222C22626262222C22636363222C22646464222C22616161222C2262626222293B0A2461727232C2A03DC2A061727261792822616161222C22626262222C22636363222C22646464222C2261616122293B0A2461727233C2A03DC2A061727261792822616161222C22626262222C226C6C6C222C22646464222C22616161222C2262626222293B0A24617272C2A03DC2A061727261792824617272312C24617272322C2461727233293B0AC2A00A246B657973C2A03DC2A0617272617928302C312C32293B0A7661725F64756D702867657452657065617428246172722C246B65797329293B3C2F7072653E0A3C703EE8BE93E587BAEFBC9A3C2F703E0A3C70726520636C6173733D2262727573683A7068703B746F6F6C6261723A66616C7365223E4172726179C2A028C2A05B305DC2A03D2667743BC2A04172726179C2A028C2A05B305DC2A03D2667743BC2A0616161C2A05B315DC2A03D2667743BC2A0626262C2A05B325DC2A03D2667743BC2A0636363C2A05B335DC2A03D2667743BC2A0646464C2A05B345DC2A03D2667743BC2A0616161C2A029C2A0293C2F7072653E0A3C703E3C62723E3C2F703E0A, '', '0', '1', '1', '0', '1590163200', '李清波', '', '', '1', '0');

-- ----------------------------
-- Table structure for cms_article_data
-- ----------------------------
DROP TABLE IF EXISTS `cms_article_data`;
CREATE TABLE `cms_article_data` (
  `id` mediumint(8) NOT NULL,
  `content` text COLLATE utf8mb4_bin NOT NULL COMMENT '内容'
) ENGINE=InnoDB DEFAULT CHARSET=utf8mb4 COLLATE=utf8mb4_bin;

-- ----------------------------
-- Records of cms_article_data
-- ----------------------------

-- ----------------------------
-- Table structure for cms_block
-- ----------------------------
DROP TABLE IF EXISTS `cms_block`;
CREATE TABLE `cms_block` (
  `id` smallint(5) unsigned NOT NULL AUTO_INCREMENT,
  `name` varchar(50) COLLATE utf8mb4_bin NOT NULL COMMENT '碎片名称',
  `alias` varchar(50) COLLATE utf8mb4_bin NOT NULL COMMENT '碎片别名',
  `type` char(10) COLLATE utf8mb4_bin NOT NULL COMMENT '碎片类型(richtext/text/image)',
  `content` text COLLATE utf8mb4_bin NOT NULL,
  `code` varchar(100) COLLATE utf8mb4_bin NOT NULL COMMENT '调用代码',
  `is_deleted` tinyint(1) NOT NULL DEFAULT '0' COMMENT '删除状态(0未删除,1已删除)',
  `create_at` timestamp NOT NULL DEFAULT CURRENT_TIMESTAMP ON UPDATE CURRENT_TIMESTAMP,
  PRIMARY KEY (`id`),
  KEY `name` (`name`) USING BTREE,
  KEY `alias` (`alias`) USING BTREE
) ENGINE=InnoDB AUTO_INCREMENT=4 DEFAULT CHARSET=utf8mb4 COLLATE=utf8mb4_bin COMMENT='CMS：碎片表';

-- ----------------------------
-- Records of cms_block
-- ----------------------------
INSERT INTO `cms_block` VALUES ('1', '首页公司简介2', 'Index_aboutus', 'richtext', 0x3C703EE9A696E9A1B5E585ACE58FB8E7AE80E4BB8B323C2F703E, '{jhphpcms:block name=\"Index_aboutus\" /}', '1', '2020-06-09 17:48:07');
INSERT INTO `cms_block` VALUES ('2', '底部通用信息', 'footer', 'text', 0xE8BF99E698AFE4B880E6AEB5E6B58BE8AF95E8AFADE58FA5EFBC8CE8AFB7E5BFBDE795A52A232C20E7ACACE4BA8CE4B8AAE6958FE6849FE8AF8DE698AF2A23EFBC8CE8BF99E698AFE4B880E6AEB5E6B58BE8AF95E8AFADE58FA5, '{jhphpcms:block name=\"footer\" /}', '0', '2020-06-09 17:44:52');
INSERT INTO `cms_block` VALUES ('3', '二维码图片', 'index_ewm', 'image', 0x687474703A2F2F7777772E6A68706870636D732E636F6D2F75706C6F61642F38382F6134633736386362346166356232396634303832383534303633626635632E6A7067, '{jhphpcms:block name=\"index_ewm\" /}', '0', '2020-06-09 17:44:58');

-- ----------------------------
-- Table structure for cms_category
-- ----------------------------
DROP TABLE IF EXISTS `cms_category`;
CREATE TABLE `cms_category` (
  `id` bigint(20) unsigned NOT NULL AUTO_INCREMENT COMMENT '分类id',
  `name` varchar(200) CHARACTER SET utf8mb4 COLLATE utf8mb4_unicode_ci NOT NULL DEFAULT '' COMMENT '分类名称',
  `en_name` varchar(200) NOT NULL COMMENT '分类英文名称',
  `url_path` varchar(50) NOT NULL DEFAULT '' COMMENT '路径地址',
  `modelid` smallint(5) NOT NULL DEFAULT '0' COMMENT '模型ID',
  `parent_id` bigint(20) unsigned NOT NULL DEFAULT '0' COMMENT '分类父id',
  `status` tinyint(3) unsigned NOT NULL DEFAULT '1' COMMENT '状态,1:发布,0:不发布',
  `sort` smallint(5) NOT NULL DEFAULT '1' COMMENT '排序',
  `description` varchar(255) NOT NULL DEFAULT '' COMMENT '分类描述',
  `path` varchar(255) NOT NULL DEFAULT '' COMMENT '分类层级关系路径',
  `arrparentid` varchar(255) NOT NULL DEFAULT '',
  `haschild` tinyint(1) NOT NULL DEFAULT '0' COMMENT '是否有子栏目',
  `childids` mediumtext NOT NULL COMMENT '当前栏目下面的所有子栏目ID',
  `is_menu` tinyint(1) NOT NULL DEFAULT '0' COMMENT '是否作为菜单显示',
  `is_link` tinyint(1) NOT NULL DEFAULT '0' COMMENT '是否是外链',
  `link_url` varchar(255) NOT NULL DEFAULT '' COMMENT '外链地址',
  `image` varchar(255) NOT NULL DEFAULT '' COMMENT '分类图片',
  `seo_title` varchar(100) NOT NULL DEFAULT '',
  `seo_keywords` varchar(255) NOT NULL DEFAULT '',
  `seo_description` varchar(255) NOT NULL DEFAULT '',
  `category_template` varchar(50) NOT NULL DEFAULT '' COMMENT '栏目页模板页',
  `list_template` varchar(50) NOT NULL DEFAULT '' COMMENT '分类列表模板',
  `show_template` varchar(50) NOT NULL DEFAULT '' COMMENT '分类文章页模板',
  PRIMARY KEY (`id`)
) ENGINE=InnoDB AUTO_INCREMENT=31 DEFAULT CHARSET=utf8mb4 COMMENT='文章分类表';

-- ----------------------------
-- Records of cms_category
-- ----------------------------
INSERT INTO `cms_category` VALUES ('1', '新闻中心', 'News', 'news', '1', '0', '1', '1', '栏目描述', '0-1', '0', '1', '1,24,25', '1', '0', '', '', 'SEO标题', 'SEO关键字', 'SEO描述', '', '', '');
INSERT INTO `cms_category` VALUES ('17', '产品中心', 'Products', 'products', '4', '0', '1', '5', '', '0-17', '0', '1', '17,26,27', '1', '0', '', '', '', '', '', 'category.html', 'list.html', 'show.html');
INSERT INTO `cms_category` VALUES ('24', '公司新闻', 'Company News', 'gsxw', '1', '1', '1', '1', '', '0-1-24', '0,1', '0', '24', '1', '0', '', '', '', '', '', 'category.html', 'list.html', 'show.html');
INSERT INTO `cms_category` VALUES ('25', '行业资讯', 'hyzx', 'hyzx', '1', '1', '1', '1', '', '0-1-25', '0,1', '0', '25', '1', '0', '', '', '', '', '', 'category.html', 'list.html', 'show.html');
INSERT INTO `cms_category` VALUES ('26', '产品类别一', '', 'cplb1', '4', '17', '1', '1', '', '0-17-26', '0,17', '0', '26', '1', '0', '', '', '', '', '', 'category.html', 'list.html', 'show.html');
INSERT INTO `cms_category` VALUES ('27', '产品类别2', '', 'cplb2', '4', '17', '1', '1', '', '0-17-27', '0,17', '0', '27', '0', '0', '', '', '', '', '', 'category.html', 'list.html', 'show.html');
INSERT INTO `cms_category` VALUES ('28', '关于我们', 'aboutus', 'gywm', '0', '0', '1', '1', '关于我们', '0-28', '0', '1', '28,29', '1', '0', '', '/upload/8c/7b385d1bf176a0a208e1333908b7be.jpg', '关于我们标题2', '关于我们关键字2', '关于我们描述2', 'page_contact.html', '', '');
INSERT INTO `cms_category` VALUES ('29', '公司简介', 'About Us', 'gsjj', '0', '28', '1', '1', '公司简介', '0-28-29', '0,28', '0', '29', '1', '0', '', '', '公司简介标题', '公司简介关键字', '公司简介描述', 'page.html', '', '');
INSERT INTO `cms_category` VALUES ('30', '测试栏目222', '', 'cslm', '1', '0', '1', '1', '', '0-30', '0', '0', '30', '0', '0', '', '', '', '', '', 'category.html', 'list.html', 'show.html');

-- ----------------------------
-- Table structure for cms_comment
-- ----------------------------
DROP TABLE IF EXISTS `cms_comment`;
CREATE TABLE `cms_comment` (
  `id` int(10) unsigned NOT NULL AUTO_INCREMENT,
  `aid` int(10) NOT NULL COMMENT '关联文章ID',
  `uid` int(10) NOT NULL COMMENT '评论用户ID',
  `content` text NOT NULL COMMENT '评论内容',
  `status` tinyint(1) NOT NULL COMMENT '状态',
  `sort` smallint(5) NOT NULL COMMENT '排序',
  `is_deleted` tinyint(1) NOT NULL COMMENT '删除状态(0未删除,1已删除)',
  `ip` char(15) NOT NULL COMMENT 'IP地址',
  `create_at` int(10) NOT NULL COMMENT '评论时间',
  PRIMARY KEY (`id`)
) ENGINE=MyISAM AUTO_INCREMENT=2 DEFAULT CHARSET=utf8mb4 COMMENT='cms:评论';

-- ----------------------------
-- Records of cms_comment
-- ----------------------------
INSERT INTO `cms_comment` VALUES ('1', '1', '1', '<p>评论内容</p>', '0', '0', '0', '172.152.26.153', '1591774760');

-- ----------------------------
-- Table structure for cms_model
-- ----------------------------
DROP TABLE IF EXISTS `cms_model`;
CREATE TABLE `cms_model` (
  `id` smallint(5) unsigned NOT NULL AUTO_INCREMENT,
  `name` char(255) COLLATE utf8mb4_bin NOT NULL DEFAULT '' COMMENT '模型名称',
  `description` varchar(100) COLLATE utf8mb4_bin NOT NULL DEFAULT '' COMMENT '描述',
  `tablename` char(20) COLLATE utf8mb4_bin NOT NULL DEFAULT '' COMMENT '表名称',
  `status` tinyint(1) NOT NULL DEFAULT '1' COMMENT '状态',
  `category_template` varchar(50) COLLATE utf8mb4_bin NOT NULL COMMENT '栏目页模版',
  `list_template` varchar(50) COLLATE utf8mb4_bin NOT NULL COMMENT '列表页模版',
  `show_template` varchar(50) COLLATE utf8mb4_bin NOT NULL COMMENT '内容也模版',
  `create_at` timestamp NOT NULL DEFAULT CURRENT_TIMESTAMP ON UPDATE CURRENT_TIMESTAMP,
  PRIMARY KEY (`id`)
) ENGINE=InnoDB AUTO_INCREMENT=5 DEFAULT CHARSET=utf8mb4 COLLATE=utf8mb4_bin;

-- ----------------------------
-- Records of cms_model
-- ----------------------------
INSERT INTO `cms_model` VALUES ('1', '文章模型', '文章模型是所有模型的基础模型', 'cms_article', '1', 'category.html', 'list.html', 'show.html', '2020-06-12 10:53:11');
INSERT INTO `cms_model` VALUES ('4', '产品模型', '产品模型', 'products', '1', 'category_picture.html', 'list_picture.html', 'show_picture.html', '2020-06-12 15:23:25');

-- ----------------------------
-- Table structure for cms_model_field
-- ----------------------------
DROP TABLE IF EXISTS `cms_model_field`;
CREATE TABLE `cms_model_field` (
  `id` mediumint(8) unsigned NOT NULL AUTO_INCREMENT,
  `modelid` smallint(5) unsigned NOT NULL DEFAULT '0' COMMENT '模型ID',
  `field` varchar(20) COLLATE utf8mb4_bin NOT NULL COMMENT '数据表字段名',
  `title` varchar(30) COLLATE utf8mb4_bin NOT NULL COMMENT '页面展示字段名称',
  `minlength` int(10) unsigned NOT NULL DEFAULT '0' COMMENT '字段最大值',
  `maxlength` int(10) unsigned NOT NULL DEFAULT '0' COMMENT '字段最小值',
  `formtype` varchar(20) COLLATE utf8mb4_bin NOT NULL COMMENT '字段类型',
  `setting` mediumtext COLLATE utf8mb4_bin NOT NULL COMMENT '字段设置信息',
  `iscore` tinyint(1) unsigned NOT NULL DEFAULT '0' COMMENT '是否是核心字段',
  `isindex` tinyint(1) NOT NULL DEFAULT '0' COMMENT '是否为该字段创建索引',
  `issystem` tinyint(1) unsigned NOT NULL DEFAULT '0' COMMENT '是否作为主表字段',
  `isunique` tinyint(1) unsigned NOT NULL DEFAULT '0' COMMENT '值是否唯一',
  `isbase` tinyint(1) unsigned NOT NULL DEFAULT '0' COMMENT '是否作为基本信息 该信息将在添加页面左侧显示',
  `issearch` tinyint(1) unsigned NOT NULL DEFAULT '0' COMMENT '是否作为搜索条件',
  `isshow` tinyint(1) NOT NULL DEFAULT '1' COMMENT '是否显示(1显示0不显示)',
  `sort` mediumint(8) unsigned NOT NULL DEFAULT '0' COMMENT '排序',
  `disabled` tinyint(1) unsigned NOT NULL DEFAULT '0' COMMENT '是否禁用该字段',
  `create_at` timestamp NOT NULL DEFAULT CURRENT_TIMESTAMP,
  PRIMARY KEY (`id`),
  KEY `modelid` (`modelid`,`disabled`) USING BTREE,
  KEY `field` (`field`,`modelid`) USING BTREE
) ENGINE=InnoDB AUTO_INCREMENT=175 DEFAULT CHARSET=utf8mb4 COLLATE=utf8mb4_bin;

-- ----------------------------
-- Records of cms_model_field
-- ----------------------------
INSERT INTO `cms_model_field` VALUES ('152', '1', 'catid', '所属栏目', '0', '0', 'select', 0x7B2274697073223A225C75386266375C75393030395C75363265395C75363830665C7537366565222C227769647468223A22313030222C226D696E223A2231222C2269735F6D756C7469706C65223A2230222C226F7074696F6E735F66726F6D223A226D6F64756C6564617461222C226F7074696F6E735F6D6F64756C65223A2263617465676F7279222C226C656E677468223A223130222C226368617274797065223A22696E74227D, '1', '0', '1', '0', '1', '1', '1', '1', '0', '2020-06-11 16:26:30');
INSERT INTO `cms_model_field` VALUES ('153', '1', 'title', '文章标题', '0', '0', 'text', 0x7B2274697073223A225C75386266375C75386639335C75353136355C75363538375C75376165305C75363830375C7539383938222C226D696E223A2231222C226368617274797065223A2276617263686172222C226C656E677468223A22323535222C2269735F70617373776F7264223A2230227D, '1', '0', '1', '0', '1', '1', '1', '2', '0', '2020-06-11 16:27:38');
INSERT INTO `cms_model_field` VALUES ('154', '1', 'seo_keywords', 'SEO关键字', '0', '0', 'text', 0x7B2274697073223A225C75386266375C75386639335C75353136355C75363538375C75376165305C75353137335C75393532655C7535623537222C226D696E223A2230222C226368617274797065223A2276617263686172222C226C656E677468223A22313530222C2269735F70617373776F7264223A2230227D, '1', '0', '1', '0', '1', '0', '1', '3', '0', '2020-06-11 16:29:07');
INSERT INTO `cms_model_field` VALUES ('155', '1', 'seo_description', 'SEO描述', '0', '0', 'text', 0x7B2274697073223A225C75386266375C75386639335C75353136355C75363538375C75376165305C75363435385C7538393831222C226D696E223A2230222C226368617274797065223A2276617263686172222C226C656E677468223A22323535222C2269735F70617373776F7264223A2230227D, '1', '0', '1', '0', '1', '0', '1', '4', '0', '2020-06-11 16:29:51');
INSERT INTO `cms_model_field` VALUES ('156', '1', 'thumb', '文章缩略图', '0', '0', 'image', 0x7B2274697073223A225C75386266375C75346530615C75346632305C75363538375C75376165305C75376632395C75373536355C7535366665222C227769647468223A22313030222C22637373223A226C617975692D696E707574222C2275706C6F61645F616C6C6F77657874223A226A70672C6A7065672C706E672C676966222C226D696E223A2230222C226368617274797065223A2276617263686172222C226C656E677468223A22313030227D, '1', '0', '1', '0', '1', '0', '1', '5', '0', '2020-06-11 16:30:50');
INSERT INTO `cms_model_field` VALUES ('157', '1', 'images', '文章组图', '0', '0', 'images', 0x7B2274697073223A225C75386266375C75346530615C75346632305C75363538375C75376165305C75376563345C7535366665222C227769647468223A22313030222C22637373223A226C617975692D696E707574222C2275706C6F61645F616C6C6F77657874223A226A70672C6A7065672C706E672C676966222C2275706C6F61645F6E756D62657273223A223130222C226D696E223A2230222C226368617274797065223A2276617263686172222C226C656E677468223A22323535227D, '1', '0', '1', '0', '1', '0', '1', '5', '0', '2020-06-11 16:37:32');
INSERT INTO `cms_model_field` VALUES ('158', '1', 'content', '文章内容', '0', '0', 'richtext', 0x7B2274697073223A225C75386266375C75386639335C75353136355C75363538375C75376165305C75353138355C7535626239222C227769647468223A22313030222C22686569676874223A22323030222C226D696E223A2231222C226368617274797065223A2274657874227D, '1', '0', '1', '0', '1', '0', '1', '20', '0', '2020-06-11 16:38:15');
INSERT INTO `cms_model_field` VALUES ('159', '1', 'posids', '推荐位', '0', '0', 'checkbox', 0x7B2274697073223A225C75386266375C75393030395C75363265395C75363361385C75383335305C7534663464222C226F7074696F6E735F66726F6D223A226D6F64756C6564617461222C226F7074696F6E735F6D6F64756C65223A227265636F6D6D656E64222C226D696E223A2230222C226368617274797065223A2276617263686172222C226C656E677468223A22323535227D, '1', '0', '1', '0', '0', '0', '1', '0', '0', '2020-06-11 16:40:30');
INSERT INTO `cms_model_field` VALUES ('160', '1', 'sort', '排序', '0', '0', 'text', 0x7B2274697073223A225C75386266375C75386639335C75353136355C75363538375C75376165305C75363339325C7535653866222C226D696E223A2230222C226368617274797065223A22736D616C6C696E74222C226C656E677468223A2235222C2269735F70617373776F7264223A2230222C227061747465726E223A225C2F5E5B302D392D5D2B245C2F227D, '1', '0', '1', '0', '0', '0', '1', '0', '0', '2020-06-11 16:45:01');
INSERT INTO `cms_model_field` VALUES ('161', '1', 'status', '状态', '0', '0', 'radio', 0x7B2274697073223A225C75386266375C75393030395C75363265395C75363538375C75376165305C75373262365C7536303031222C226F7074696F6E735F66726F6D223A22646979636F6E666967222C226F7074696F6E73223A225C75363633655C75373933613A315C725C6E5C75346530645C75363633655C75373933613A30222C226D696E223A2230222C226368617274797065223A2274696E79696E74222C226C656E677468223A2231222C2264656661756C7476616C7565223A2231227D, '1', '0', '1', '0', '0', '0', '1', '0', '0', '2020-06-11 16:46:38');
INSERT INTO `cms_model_field` VALUES ('162', '1', 'allow_comment', '是否允许评论', '0', '0', 'radio', 0x7B2274697073223A225C75386266375C75393030395C75363265395C75363632665C75353432365C75353134315C75386262385C75386263345C7538626261222C226F7074696F6E735F66726F6D223A22646979636F6E666967222C226F7074696F6E73223A225C75353134315C75386262383A315C725C6E5C75346530645C75353134315C75386262383A30222C226D696E223A2230222C226368617274797065223A2274696E79696E74222C226C656E677468223A2231222C2264656661756C7476616C7565223A2231227D, '1', '0', '1', '0', '0', '0', '1', '0', '0', '2020-06-11 16:48:46');
INSERT INTO `cms_model_field` VALUES ('163', '1', 'views', '浏览数', '0', '0', 'text', 0x7B2274697073223A225C75386266375C75386639335C75353136355C75363538375C75376165305C75366434665C75383963385C7536353730222C226D696E223A2230222C226368617274797065223A22696E74222C226C656E677468223A223130222C2264656661756C7476616C7565223A2230222C2269735F70617373776F7264223A2230227D, '1', '0', '1', '0', '0', '0', '1', '0', '0', '2020-06-11 16:49:28');
INSERT INTO `cms_model_field` VALUES ('164', '1', 'create_at', '发布时间', '0', '0', 'datetime', 0x7B2274697073223A225C75386266375C75393030395C75363265395C75353364315C75356530335C75363566365C7539356634222C227769647468223A22313030222C22637373223A226C617975692D696E707574222C226D696E223A2230222C226368617274797065223A22696E74222C226C656E677468223A223130227D, '1', '0', '1', '0', '0', '0', '1', '0', '0', '2020-06-11 16:51:20');
INSERT INTO `cms_model_field` VALUES ('165', '1', 'author', '文章作者', '0', '0', 'text', 0x7B2274697073223A225C75386266375C75386639335C75353136355C75363538375C75376165305C75346635635C7538303035222C226D696E223A2230222C226368617274797065223A2263686172222C226C656E677468223A223230222C2269735F70617373776F7264223A2230227D, '1', '0', '1', '0', '0', '0', '1', '6', '0', '2020-06-11 16:52:52');
INSERT INTO `cms_model_field` VALUES ('166', '1', 'comefrom', '文章来源', '0', '0', 'text', 0x7B2274697073223A225C75386266375C75386639335C75353136355C75363538375C75376165305C75363736355C7536653930222C226D696E223A2230222C226368617274797065223A2263686172222C226C656E677468223A223230222C2269735F70617373776F7264223A2230227D, '1', '0', '1', '0', '0', '0', '1', '7', '0', '2020-06-11 16:53:19');
INSERT INTO `cms_model_field` VALUES ('167', '1', 'tags', '标签', '0', '0', 'text', 0x7B2274697073223A225C75386266375C75386639335C75353136355C75363830375C75376237655C75666630635C75353931615C75346532615C75363830375C75376237655C75373532382C5C75353230365C7535323732222C226D696E223A2230222C226368617274797065223A2276617263686172222C226C656E677468223A22313530222C2269735F70617373776F7264223A2230227D, '1', '0', '1', '0', '0', '0', '1', '0', '0', '2020-06-11 17:29:43');
INSERT INTO `cms_model_field` VALUES ('171', '4', 'price', '产品价格', '0', '0', 'number', 0x7B2274697073223A225C75386266375C75386639335C75353136355C75346561375C75353463315C75346566375C7536383363222C227769647468223A22313030222C226D696E223A2230222C226368617274797065223A22646F75626C65222C22707265636973696F6E223A2232222C226C656E677468223A2235222C2264656661756C7476616C7565223A2230227D, '1', '0', '0', '0', '0', '0', '1', '1', '0', '2020-06-12 15:29:19');
INSERT INTO `cms_model_field` VALUES ('172', '1', 'modelid', '模型ID', '0', '0', 'text', 0x7B226D696E223A2230222C226368617274797065223A2274696E79696E74222C226C656E677468223A2235222C2269735F70617373776F7264223A2230227D, '1', '0', '1', '0', '1', '0', '0', '0', '0', '2020-06-15 17:25:46');
INSERT INTO `cms_model_field` VALUES ('173', '1', 'is_deleted', '是否删除', '0', '0', 'number', 0x7B227769647468223A22313030222C226D696E223A2230222C226368617274797065223A2274696E79696E74222C226C656E677468223A2231222C2264656661756C7476616C7565223A2230227D, '1', '0', '1', '0', '1', '0', '0', '0', '0', '2020-06-15 17:48:16');
INSERT INTO `cms_model_field` VALUES ('174', '1', 'description', '内容摘要', '0', '0', 'textarea', 0x7B227769647468223A22313030222C22686569676874223A223530222C22637373223A226C617975692D7465787461726561222C226D696E223A2230222C226368617274797065223A2276617263686172222C226C656E677468223A22323535227D, '1', '0', '1', '0', '1', '0', '1', '6', '0', '2020-07-08 16:50:14');

-- ----------------------------
-- Table structure for cms_page
-- ----------------------------
DROP TABLE IF EXISTS `cms_page`;
CREATE TABLE `cms_page` (
  `id` int(10) unsigned NOT NULL AUTO_INCREMENT,
  `catid` int(10) NOT NULL,
  `title` varchar(100) COLLATE utf8mb4_bin NOT NULL,
  `thumb` varchar(150) COLLATE utf8mb4_bin NOT NULL DEFAULT '',
  `content` text COLLATE utf8mb4_bin NOT NULL,
  PRIMARY KEY (`id`)
) ENGINE=InnoDB AUTO_INCREMENT=4 DEFAULT CHARSET=utf8mb4 COLLATE=utf8mb4_bin COMMENT='cms:单页';

-- ----------------------------
-- Records of cms_page
-- ----------------------------
INSERT INTO `cms_page` VALUES ('1', '1', '关于我们', 'http://www.jhphpcms.com/upload/88/a4c768cb4af5b29f4082854063bf5c.jpg', 0x3C703EE585B3E4BA8EE68891E4BBAC3C2F703E);
INSERT INTO `cms_page` VALUES ('3', '29', '关于我们标题', '', 0x3C703EE585B3E4BA8EE68891E4BBACE58685E5AEB9E8AFA6E68385E58685E5AEB93C2F703E);

-- ----------------------------
-- Table structure for cms_products_model
-- ----------------------------
DROP TABLE IF EXISTS `cms_products_model`;
CREATE TABLE `cms_products_model` (
  `id` int(10) unsigned NOT NULL AUTO_INCREMENT,
  `price` double(5,2) NOT NULL DEFAULT '0.00' COMMENT '产品价格',
  PRIMARY KEY (`id`)
) ENGINE=InnoDB DEFAULT CHARSET=utf8mb4 COLLATE=utf8mb4_bin COMMENT='cms:产品模型';

-- ----------------------------
-- Records of cms_products_model
-- ----------------------------

-- ----------------------------
-- Table structure for cms_recommend
-- ----------------------------
DROP TABLE IF EXISTS `cms_recommend`;
CREATE TABLE `cms_recommend` (
  `id` int(10) unsigned NOT NULL AUTO_INCREMENT,
  `modelid` smallint(5) NOT NULL COMMENT '关联模型ID',
  `catid` smallint(5) NOT NULL COMMENT '关联栏目ID',
  `name` varchar(50) NOT NULL COMMENT '推荐位名称',
  `description` varchar(100) NOT NULL COMMENT '推荐位描述',
  `sort` smallint(5) NOT NULL COMMENT '排序',
  PRIMARY KEY (`id`)
) ENGINE=InnoDB AUTO_INCREMENT=3 DEFAULT CHARSET=utf8mb4 COMMENT='推荐位';

-- ----------------------------
-- Records of cms_recommend
-- ----------------------------
INSERT INTO `cms_recommend` VALUES ('1', '6', '27', '首页文章推荐', '推荐位描述', '1');
INSERT INTO `cms_recommend` VALUES ('2', '6', '25', '栏目页右侧推荐', '推荐位描述', '2');

-- ----------------------------
-- Table structure for cms_recommend_data
-- ----------------------------
DROP TABLE IF EXISTS `cms_recommend_data`;
CREATE TABLE `cms_recommend_data` (
  `id` mediumint(8) unsigned NOT NULL AUTO_INCREMENT,
  `catid` smallint(5) NOT NULL COMMENT '栏目ID',
  `posid` smallint(5) NOT NULL COMMENT '推荐位ID',
  `aid` int(11) NOT NULL COMMENT '文章ID',
  `sort` smallint(5) NOT NULL COMMENT '排序ID',
  PRIMARY KEY (`id`)
) ENGINE=InnoDB AUTO_INCREMENT=5 DEFAULT CHARSET=utf8mb4;

-- ----------------------------
-- Records of cms_recommend_data
-- ----------------------------
INSERT INTO `cms_recommend_data` VALUES ('4', '24', '2', '9', '1');

-- ----------------------------
-- Table structure for cms_tag
-- ----------------------------
DROP TABLE IF EXISTS `cms_tag`;
CREATE TABLE `cms_tag` (
  `id` int(10) unsigned NOT NULL AUTO_INCREMENT,
  `name` varchar(50) NOT NULL COMMENT '标签名称',
  `nums` int(10) NOT NULL COMMENT '关联文章数',
  `sort` smallint(5) NOT NULL COMMENT '排序值',
  `seo_title` varchar(100) NOT NULL COMMENT 'SEO标题',
  `seo_keywords` varchar(150) NOT NULL COMMENT 'SEO关键字',
  `seo_description` varchar(255) NOT NULL COMMENT 'SEO描述',
  PRIMARY KEY (`id`)
) ENGINE=InnoDB AUTO_INCREMENT=7 DEFAULT CHARSET=utf8mb4 COMMENT='cms:标签库';

-- ----------------------------
-- Records of cms_tag
-- ----------------------------
INSERT INTO `cms_tag` VALUES ('1', 'PHP', '3', '1', 'SEO标题', 'SEO关键字', 'SEO描述');
INSERT INTO `cms_tag` VALUES ('2', '测试', '3', '1', '', '', '');
INSERT INTO `cms_tag` VALUES ('3', '新闻', '1', '1', '', '', '');
INSERT INTO `cms_tag` VALUES ('4', '新标签', '1', '1', '', '', '');
INSERT INTO `cms_tag` VALUES ('5', 'go', '1', '1', '', '', '');
INSERT INTO `cms_tag` VALUES ('6', 'java', '1', '1', '', '', '');

-- ----------------------------
-- Table structure for cms_tag_data
-- ----------------------------
DROP TABLE IF EXISTS `cms_tag_data`;
CREATE TABLE `cms_tag_data` (
  `id` int(10) unsigned NOT NULL AUTO_INCREMENT,
  `tagid` int(10) NOT NULL COMMENT '标签ID',
  `mid` smallint(5) NOT NULL COMMENT '模型ID',
  `aid` int(10) NOT NULL COMMENT '文章ID',
  PRIMARY KEY (`id`)
) ENGINE=InnoDB AUTO_INCREMENT=12 DEFAULT CHARSET=utf8mb4 COMMENT='标签关联数据';

-- ----------------------------
-- Records of cms_tag_data
-- ----------------------------
INSERT INTO `cms_tag_data` VALUES ('1', '1', '0', '1');
INSERT INTO `cms_tag_data` VALUES ('2', '1', '0', '2');
INSERT INTO `cms_tag_data` VALUES ('3', '2', '0', '8');
INSERT INTO `cms_tag_data` VALUES ('4', '3', '0', '8');
INSERT INTO `cms_tag_data` VALUES ('9', '2', '0', '9');
INSERT INTO `cms_tag_data` VALUES ('10', '1', '0', '9');
INSERT INTO `cms_tag_data` VALUES ('11', '6', '0', '9');

-- ----------------------------
-- Table structure for extension_cascader_menu
-- ----------------------------
DROP TABLE IF EXISTS `extension_cascader_menu`;
CREATE TABLE `extension_cascader_menu` (
  `id` int(10) unsigned NOT NULL AUTO_INCREMENT,
  `name` varchar(50) COLLATE utf8mb4_bin NOT NULL COMMENT '名称',
  `status` tinyint(1) NOT NULL COMMENT '状态',
  `description` varchar(255) COLLATE utf8mb4_bin NOT NULL COMMENT '菜单类别描述',
  PRIMARY KEY (`id`),
  KEY `name` (`name`) USING BTREE
) ENGINE=InnoDB AUTO_INCREMENT=2 DEFAULT CHARSET=utf8mb4 COLLATE=utf8mb4_bin;

-- ----------------------------
-- Records of extension_cascader_menu
-- ----------------------------
INSERT INTO `extension_cascader_menu` VALUES ('1', '中国地区数据', '1', '中国省市区数据');

-- ----------------------------
-- Table structure for extension_cascader_menu_data
-- ----------------------------
DROP TABLE IF EXISTS `extension_cascader_menu_data`;
CREATE TABLE `extension_cascader_menu_data` (
  `id` int(10) unsigned NOT NULL AUTO_INCREMENT,
  `typeid` smallint(5) NOT NULL COMMENT '所属类别',
  `parent_id` int(10) NOT NULL COMMENT '父级ID',
  `name` varchar(100) COLLATE utf8mb4_bin NOT NULL COMMENT '名称',
  `status` tinyint(1) NOT NULL COMMENT '状态',
  `sort` smallint(5) NOT NULL COMMENT '排序',
  PRIMARY KEY (`id`),
  KEY `name` (`name`) USING BTREE
) ENGINE=InnoDB AUTO_INCREMENT=540 DEFAULT CHARSET=utf8mb4 COLLATE=utf8mb4_bin;

-- ----------------------------
-- Records of extension_cascader_menu_data
-- ----------------------------
INSERT INTO `extension_cascader_menu_data` VALUES ('1', '1', '0', '北京', '1', '0');
INSERT INTO `extension_cascader_menu_data` VALUES ('2', '1', '0', '广东', '1', '0');
INSERT INTO `extension_cascader_menu_data` VALUES ('3', '1', '0', '广西', '1', '0');
INSERT INTO `extension_cascader_menu_data` VALUES ('4', '1', '0', '海南', '1', '0');
INSERT INTO `extension_cascader_menu_data` VALUES ('5', '1', '0', '重庆', '1', '0');
INSERT INTO `extension_cascader_menu_data` VALUES ('6', '1', '0', '四川', '1', '0');
INSERT INTO `extension_cascader_menu_data` VALUES ('7', '1', '0', '贵州', '1', '0');
INSERT INTO `extension_cascader_menu_data` VALUES ('8', '1', '0', '云南', '1', '0');
INSERT INTO `extension_cascader_menu_data` VALUES ('9', '1', '0', '西藏', '1', '0');
INSERT INTO `extension_cascader_menu_data` VALUES ('10', '1', '0', '陕西', '1', '0');
INSERT INTO `extension_cascader_menu_data` VALUES ('11', '1', '0', '甘肃', '1', '0');
INSERT INTO `extension_cascader_menu_data` VALUES ('12', '1', '0', '青海', '1', '0');
INSERT INTO `extension_cascader_menu_data` VALUES ('13', '1', '0', '宁夏', '1', '0');
INSERT INTO `extension_cascader_menu_data` VALUES ('14', '1', '0', '新疆', '1', '0');
INSERT INTO `extension_cascader_menu_data` VALUES ('15', '1', '0', '台湾', '1', '0');
INSERT INTO `extension_cascader_menu_data` VALUES ('16', '1', '0', '香港', '1', '0');
INSERT INTO `extension_cascader_menu_data` VALUES ('17', '1', '0', '湖南', '1', '0');
INSERT INTO `extension_cascader_menu_data` VALUES ('18', '1', '0', '湖北', '1', '0');
INSERT INTO `extension_cascader_menu_data` VALUES ('19', '1', '0', '天津', '1', '0');
INSERT INTO `extension_cascader_menu_data` VALUES ('20', '1', '0', '河北', '1', '0');
INSERT INTO `extension_cascader_menu_data` VALUES ('21', '1', '0', '山西', '1', '0');
INSERT INTO `extension_cascader_menu_data` VALUES ('22', '1', '0', '内蒙古', '1', '0');
INSERT INTO `extension_cascader_menu_data` VALUES ('23', '1', '0', '辽宁', '1', '0');
INSERT INTO `extension_cascader_menu_data` VALUES ('24', '1', '0', '吉林', '1', '0');
INSERT INTO `extension_cascader_menu_data` VALUES ('25', '1', '0', '黑龙江', '1', '0');
INSERT INTO `extension_cascader_menu_data` VALUES ('26', '1', '0', '上海', '1', '0');
INSERT INTO `extension_cascader_menu_data` VALUES ('27', '1', '0', '江苏', '1', '0');
INSERT INTO `extension_cascader_menu_data` VALUES ('28', '1', '0', '浙江', '1', '0');
INSERT INTO `extension_cascader_menu_data` VALUES ('29', '1', '0', '安徽', '1', '0');
INSERT INTO `extension_cascader_menu_data` VALUES ('30', '1', '0', '福建', '1', '0');
INSERT INTO `extension_cascader_menu_data` VALUES ('31', '1', '0', '江西', '1', '0');
INSERT INTO `extension_cascader_menu_data` VALUES ('32', '1', '0', '山东', '1', '0');
INSERT INTO `extension_cascader_menu_data` VALUES ('33', '1', '0', '河南', '1', '0');
INSERT INTO `extension_cascader_menu_data` VALUES ('35', '1', '1', '东城区', '1', '0');
INSERT INTO `extension_cascader_menu_data` VALUES ('36', '1', '1', '怀柔区', '1', '0');
INSERT INTO `extension_cascader_menu_data` VALUES ('37', '1', '1', '大兴区', '1', '0');
INSERT INTO `extension_cascader_menu_data` VALUES ('38', '1', '1', '昌平区', '1', '0');
INSERT INTO `extension_cascader_menu_data` VALUES ('39', '1', '1', '顺义区', '1', '0');
INSERT INTO `extension_cascader_menu_data` VALUES ('40', '1', '1', '通州区', '1', '0');
INSERT INTO `extension_cascader_menu_data` VALUES ('41', '1', '1', '房山区', '1', '0');
INSERT INTO `extension_cascader_menu_data` VALUES ('42', '1', '1', '门头沟区', '1', '0');
INSERT INTO `extension_cascader_menu_data` VALUES ('43', '1', '1', '海淀区', '1', '0');
INSERT INTO `extension_cascader_menu_data` VALUES ('44', '1', '1', '石景山区', '1', '0');
INSERT INTO `extension_cascader_menu_data` VALUES ('45', '1', '1', '丰台区', '1', '0');
INSERT INTO `extension_cascader_menu_data` VALUES ('46', '1', '1', '朝阳区', '1', '0');
INSERT INTO `extension_cascader_menu_data` VALUES ('47', '1', '1', '西城区', '1', '0');
INSERT INTO `extension_cascader_menu_data` VALUES ('48', '1', '1', '平谷区', '1', '0');
INSERT INTO `extension_cascader_menu_data` VALUES ('50', '1', '19', '和平区', '1', '0');
INSERT INTO `extension_cascader_menu_data` VALUES ('51', '1', '19', '河东区', '1', '0');
INSERT INTO `extension_cascader_menu_data` VALUES ('52', '1', '19', '河西区', '1', '0');
INSERT INTO `extension_cascader_menu_data` VALUES ('53', '1', '19', '南开区', '1', '0');
INSERT INTO `extension_cascader_menu_data` VALUES ('54', '1', '19', '河北区', '1', '0');
INSERT INTO `extension_cascader_menu_data` VALUES ('55', '1', '19', '红桥区', '1', '0');
INSERT INTO `extension_cascader_menu_data` VALUES ('56', '1', '19', '东丽区', '1', '0');
INSERT INTO `extension_cascader_menu_data` VALUES ('57', '1', '19', '西青区', '1', '0');
INSERT INTO `extension_cascader_menu_data` VALUES ('58', '1', '19', '津南区', '1', '0');
INSERT INTO `extension_cascader_menu_data` VALUES ('59', '1', '19', '北辰区', '1', '0');
INSERT INTO `extension_cascader_menu_data` VALUES ('60', '1', '19', '武清区', '1', '0');
INSERT INTO `extension_cascader_menu_data` VALUES ('61', '1', '19', '宝坻区', '1', '0');
INSERT INTO `extension_cascader_menu_data` VALUES ('62', '1', '19', '滨海新区', '1', '0');
INSERT INTO `extension_cascader_menu_data` VALUES ('63', '1', '20', '石家庄市', '1', '0');
INSERT INTO `extension_cascader_menu_data` VALUES ('64', '1', '20', '唐山市', '1', '0');
INSERT INTO `extension_cascader_menu_data` VALUES ('65', '1', '20', '秦皇岛市', '1', '0');
INSERT INTO `extension_cascader_menu_data` VALUES ('66', '1', '20', '邯郸市', '1', '0');
INSERT INTO `extension_cascader_menu_data` VALUES ('67', '1', '20', '邢台市', '1', '0');
INSERT INTO `extension_cascader_menu_data` VALUES ('68', '1', '20', '保定市', '1', '0');
INSERT INTO `extension_cascader_menu_data` VALUES ('69', '1', '20', '张家口市', '1', '0');
INSERT INTO `extension_cascader_menu_data` VALUES ('70', '1', '20', '承德市', '1', '0');
INSERT INTO `extension_cascader_menu_data` VALUES ('71', '1', '20', '沧州市', '1', '0');
INSERT INTO `extension_cascader_menu_data` VALUES ('72', '1', '20', '廊坊市', '1', '0');
INSERT INTO `extension_cascader_menu_data` VALUES ('73', '1', '20', '衡水市', '1', '0');
INSERT INTO `extension_cascader_menu_data` VALUES ('74', '1', '63', '长安区', '1', '0');
INSERT INTO `extension_cascader_menu_data` VALUES ('75', '1', '63', '桥西区', '1', '0');
INSERT INTO `extension_cascader_menu_data` VALUES ('76', '1', '63', '新华区', '1', '0');
INSERT INTO `extension_cascader_menu_data` VALUES ('77', '1', '63', '井陉矿区', '1', '0');
INSERT INTO `extension_cascader_menu_data` VALUES ('78', '1', '63', '裕华区', '1', '0');
INSERT INTO `extension_cascader_menu_data` VALUES ('79', '1', '63', '藁城区', '1', '0');
INSERT INTO `extension_cascader_menu_data` VALUES ('80', '1', '63', '鹿泉区', '1', '0');
INSERT INTO `extension_cascader_menu_data` VALUES ('81', '1', '63', '栾城区', '1', '0');
INSERT INTO `extension_cascader_menu_data` VALUES ('82', '1', '63', '井陉县', '1', '0');
INSERT INTO `extension_cascader_menu_data` VALUES ('83', '1', '63', '正定县', '1', '0');
INSERT INTO `extension_cascader_menu_data` VALUES ('84', '1', '63', '行唐县', '1', '0');
INSERT INTO `extension_cascader_menu_data` VALUES ('85', '1', '63', '灵寿县', '1', '0');
INSERT INTO `extension_cascader_menu_data` VALUES ('86', '1', '63', '高邑县', '1', '0');
INSERT INTO `extension_cascader_menu_data` VALUES ('87', '1', '63', '深泽县', '1', '0');
INSERT INTO `extension_cascader_menu_data` VALUES ('88', '1', '63', '赞皇县', '1', '0');
INSERT INTO `extension_cascader_menu_data` VALUES ('89', '1', '63', '无极县', '1', '0');
INSERT INTO `extension_cascader_menu_data` VALUES ('90', '1', '63', '平山县', '1', '0');
INSERT INTO `extension_cascader_menu_data` VALUES ('91', '1', '63', '元氏县', '1', '0');
INSERT INTO `extension_cascader_menu_data` VALUES ('92', '1', '63', '赵县', '1', '0');
INSERT INTO `extension_cascader_menu_data` VALUES ('93', '1', '63', '辛集市', '1', '0');
INSERT INTO `extension_cascader_menu_data` VALUES ('94', '1', '63', '晋州市', '1', '0');
INSERT INTO `extension_cascader_menu_data` VALUES ('95', '1', '63', '新乐市', '1', '0');
INSERT INTO `extension_cascader_menu_data` VALUES ('96', '1', '64', '路南区', '1', '0');
INSERT INTO `extension_cascader_menu_data` VALUES ('97', '1', '64', '路北区', '1', '0');
INSERT INTO `extension_cascader_menu_data` VALUES ('98', '1', '64', '古冶区', '1', '0');
INSERT INTO `extension_cascader_menu_data` VALUES ('99', '1', '64', '开平区', '1', '0');
INSERT INTO `extension_cascader_menu_data` VALUES ('100', '1', '64', '丰南区', '1', '0');
INSERT INTO `extension_cascader_menu_data` VALUES ('101', '1', '64', '丰润区', '1', '0');
INSERT INTO `extension_cascader_menu_data` VALUES ('102', '1', '64', '曹妃甸区', '1', '0');
INSERT INTO `extension_cascader_menu_data` VALUES ('103', '1', '64', '滦县', '1', '0');
INSERT INTO `extension_cascader_menu_data` VALUES ('104', '1', '64', '滦南县', '1', '0');
INSERT INTO `extension_cascader_menu_data` VALUES ('105', '1', '64', '乐亭县', '1', '0');
INSERT INTO `extension_cascader_menu_data` VALUES ('106', '1', '64', '迁西县', '1', '0');
INSERT INTO `extension_cascader_menu_data` VALUES ('107', '1', '64', '玉田县', '1', '0');
INSERT INTO `extension_cascader_menu_data` VALUES ('108', '1', '64', '遵化市', '1', '0');
INSERT INTO `extension_cascader_menu_data` VALUES ('109', '1', '64', '迁安市', '1', '0');
INSERT INTO `extension_cascader_menu_data` VALUES ('110', '1', '65', '海港区', '1', '0');
INSERT INTO `extension_cascader_menu_data` VALUES ('111', '1', '65', '山海关区', '1', '0');
INSERT INTO `extension_cascader_menu_data` VALUES ('112', '1', '65', '北戴河区', '1', '0');
INSERT INTO `extension_cascader_menu_data` VALUES ('113', '1', '65', '青龙满族自治县', '1', '0');
INSERT INTO `extension_cascader_menu_data` VALUES ('114', '1', '65', '昌黎县', '1', '0');
INSERT INTO `extension_cascader_menu_data` VALUES ('115', '1', '65', '抚宁县', '1', '0');
INSERT INTO `extension_cascader_menu_data` VALUES ('116', '1', '65', '卢龙县', '1', '0');
INSERT INTO `extension_cascader_menu_data` VALUES ('117', '1', '66', '邯山区', '1', '0');
INSERT INTO `extension_cascader_menu_data` VALUES ('118', '1', '66', '丛台区', '1', '0');
INSERT INTO `extension_cascader_menu_data` VALUES ('119', '1', '66', '复兴区', '1', '0');
INSERT INTO `extension_cascader_menu_data` VALUES ('120', '1', '66', '峰峰矿区', '1', '0');
INSERT INTO `extension_cascader_menu_data` VALUES ('121', '1', '66', '邯郸县', '1', '0');
INSERT INTO `extension_cascader_menu_data` VALUES ('122', '1', '66', '临漳县', '1', '0');
INSERT INTO `extension_cascader_menu_data` VALUES ('123', '1', '66', '成安县', '1', '0');
INSERT INTO `extension_cascader_menu_data` VALUES ('124', '1', '66', '大名县', '1', '0');
INSERT INTO `extension_cascader_menu_data` VALUES ('125', '1', '66', '涉县', '1', '0');
INSERT INTO `extension_cascader_menu_data` VALUES ('126', '1', '66', '磁县', '1', '0');
INSERT INTO `extension_cascader_menu_data` VALUES ('127', '1', '66', '肥乡县', '1', '0');
INSERT INTO `extension_cascader_menu_data` VALUES ('128', '1', '66', '永年县', '1', '0');
INSERT INTO `extension_cascader_menu_data` VALUES ('129', '1', '66', '邱县', '1', '0');
INSERT INTO `extension_cascader_menu_data` VALUES ('130', '1', '66', '鸡泽县', '1', '0');
INSERT INTO `extension_cascader_menu_data` VALUES ('131', '1', '66', '广平县', '1', '0');
INSERT INTO `extension_cascader_menu_data` VALUES ('132', '1', '66', '馆陶县', '1', '0');
INSERT INTO `extension_cascader_menu_data` VALUES ('133', '1', '66', '魏县', '1', '0');
INSERT INTO `extension_cascader_menu_data` VALUES ('134', '1', '66', '曲周县', '1', '0');
INSERT INTO `extension_cascader_menu_data` VALUES ('135', '1', '66', '武安市', '1', '0');
INSERT INTO `extension_cascader_menu_data` VALUES ('136', '1', '67', '桥东区', '1', '0');
INSERT INTO `extension_cascader_menu_data` VALUES ('137', '1', '67', '桥西区', '1', '0');
INSERT INTO `extension_cascader_menu_data` VALUES ('138', '1', '67', '邢台县', '1', '0');
INSERT INTO `extension_cascader_menu_data` VALUES ('139', '1', '67', '临城县', '1', '0');
INSERT INTO `extension_cascader_menu_data` VALUES ('140', '1', '67', '内丘县', '1', '0');
INSERT INTO `extension_cascader_menu_data` VALUES ('141', '1', '67', '柏乡县', '1', '0');
INSERT INTO `extension_cascader_menu_data` VALUES ('142', '1', '67', '隆尧县', '1', '0');
INSERT INTO `extension_cascader_menu_data` VALUES ('143', '1', '67', '任县', '1', '0');
INSERT INTO `extension_cascader_menu_data` VALUES ('144', '1', '67', '南和县', '1', '0');
INSERT INTO `extension_cascader_menu_data` VALUES ('145', '1', '67', '宁晋县', '1', '0');
INSERT INTO `extension_cascader_menu_data` VALUES ('146', '1', '67', '巨鹿县', '1', '0');
INSERT INTO `extension_cascader_menu_data` VALUES ('147', '1', '67', '新河县', '1', '0');
INSERT INTO `extension_cascader_menu_data` VALUES ('148', '1', '67', '广宗县', '1', '0');
INSERT INTO `extension_cascader_menu_data` VALUES ('149', '1', '67', '平乡县', '1', '0');
INSERT INTO `extension_cascader_menu_data` VALUES ('150', '1', '67', '威县', '1', '0');
INSERT INTO `extension_cascader_menu_data` VALUES ('151', '1', '67', '清河县', '1', '0');
INSERT INTO `extension_cascader_menu_data` VALUES ('152', '1', '67', '临西县', '1', '0');
INSERT INTO `extension_cascader_menu_data` VALUES ('153', '1', '67', '南宫市', '1', '0');
INSERT INTO `extension_cascader_menu_data` VALUES ('154', '1', '67', '沙河市', '1', '0');
INSERT INTO `extension_cascader_menu_data` VALUES ('155', '1', '68', '竞秀区', '1', '0');
INSERT INTO `extension_cascader_menu_data` VALUES ('156', '1', '68', '南市区', '1', '0');
INSERT INTO `extension_cascader_menu_data` VALUES ('157', '1', '68', '莲池区', '1', '0');
INSERT INTO `extension_cascader_menu_data` VALUES ('158', '1', '68', '满城区', '1', '0');
INSERT INTO `extension_cascader_menu_data` VALUES ('159', '1', '68', '清苑区', '1', '0');
INSERT INTO `extension_cascader_menu_data` VALUES ('160', '1', '68', '徐水区', '1', '0');
INSERT INTO `extension_cascader_menu_data` VALUES ('161', '1', '68', '涞水县', '1', '0');
INSERT INTO `extension_cascader_menu_data` VALUES ('162', '1', '68', '阜平县', '1', '0');
INSERT INTO `extension_cascader_menu_data` VALUES ('163', '1', '68', '定兴县', '1', '0');
INSERT INTO `extension_cascader_menu_data` VALUES ('164', '1', '68', '唐县', '1', '0');
INSERT INTO `extension_cascader_menu_data` VALUES ('165', '1', '68', '高阳县', '1', '0');
INSERT INTO `extension_cascader_menu_data` VALUES ('166', '1', '68', '容城县', '1', '0');
INSERT INTO `extension_cascader_menu_data` VALUES ('167', '1', '68', '涞源县', '1', '0');
INSERT INTO `extension_cascader_menu_data` VALUES ('168', '1', '68', '望都县', '1', '0');
INSERT INTO `extension_cascader_menu_data` VALUES ('169', '1', '68', '安新县', '1', '0');
INSERT INTO `extension_cascader_menu_data` VALUES ('170', '1', '68', '易县', '1', '0');
INSERT INTO `extension_cascader_menu_data` VALUES ('171', '1', '68', '曲阳县', '1', '0');
INSERT INTO `extension_cascader_menu_data` VALUES ('172', '1', '68', '蠡县', '1', '0');
INSERT INTO `extension_cascader_menu_data` VALUES ('173', '1', '68', '顺平县', '1', '0');
INSERT INTO `extension_cascader_menu_data` VALUES ('174', '1', '68', '博野县', '1', '0');
INSERT INTO `extension_cascader_menu_data` VALUES ('175', '1', '68', '雄县', '1', '0');
INSERT INTO `extension_cascader_menu_data` VALUES ('176', '1', '68', '涿州市', '1', '0');
INSERT INTO `extension_cascader_menu_data` VALUES ('177', '1', '68', '定州市', '1', '0');
INSERT INTO `extension_cascader_menu_data` VALUES ('178', '1', '68', '安国市', '1', '0');
INSERT INTO `extension_cascader_menu_data` VALUES ('179', '1', '68', '高碑店市', '1', '0');
INSERT INTO `extension_cascader_menu_data` VALUES ('180', '1', '69', '桥东区', '1', '0');
INSERT INTO `extension_cascader_menu_data` VALUES ('181', '1', '69', '桥西区', '1', '0');
INSERT INTO `extension_cascader_menu_data` VALUES ('182', '1', '69', '宣化区', '1', '0');
INSERT INTO `extension_cascader_menu_data` VALUES ('183', '1', '69', '下花园区', '1', '0');
INSERT INTO `extension_cascader_menu_data` VALUES ('184', '1', '69', '宣化县', '1', '0');
INSERT INTO `extension_cascader_menu_data` VALUES ('185', '1', '69', '张北县', '1', '0');
INSERT INTO `extension_cascader_menu_data` VALUES ('186', '1', '69', '康保县', '1', '0');
INSERT INTO `extension_cascader_menu_data` VALUES ('187', '1', '69', '沽源县', '1', '0');
INSERT INTO `extension_cascader_menu_data` VALUES ('188', '1', '69', '尚义县', '1', '0');
INSERT INTO `extension_cascader_menu_data` VALUES ('189', '1', '69', '蔚县', '1', '0');
INSERT INTO `extension_cascader_menu_data` VALUES ('190', '1', '69', '阳原县', '1', '0');
INSERT INTO `extension_cascader_menu_data` VALUES ('191', '1', '69', '怀安县', '1', '0');
INSERT INTO `extension_cascader_menu_data` VALUES ('192', '1', '69', '万全县', '1', '0');
INSERT INTO `extension_cascader_menu_data` VALUES ('193', '1', '69', '怀来县', '1', '0');
INSERT INTO `extension_cascader_menu_data` VALUES ('194', '1', '69', '涿鹿县', '1', '0');
INSERT INTO `extension_cascader_menu_data` VALUES ('195', '1', '69', '赤城县', '1', '0');
INSERT INTO `extension_cascader_menu_data` VALUES ('196', '1', '69', '崇礼县', '1', '0');
INSERT INTO `extension_cascader_menu_data` VALUES ('197', '1', '70', '双桥区', '1', '0');
INSERT INTO `extension_cascader_menu_data` VALUES ('198', '1', '70', '双滦区', '1', '0');
INSERT INTO `extension_cascader_menu_data` VALUES ('199', '1', '70', '鹰手营子矿区', '1', '0');
INSERT INTO `extension_cascader_menu_data` VALUES ('200', '1', '70', '承德县', '1', '0');
INSERT INTO `extension_cascader_menu_data` VALUES ('201', '1', '70', '兴隆县', '1', '0');
INSERT INTO `extension_cascader_menu_data` VALUES ('202', '1', '70', '平泉县', '1', '0');
INSERT INTO `extension_cascader_menu_data` VALUES ('203', '1', '70', '滦平县', '1', '0');
INSERT INTO `extension_cascader_menu_data` VALUES ('204', '1', '70', '隆化县', '1', '0');
INSERT INTO `extension_cascader_menu_data` VALUES ('205', '1', '70', '丰宁满族自治县', '1', '0');
INSERT INTO `extension_cascader_menu_data` VALUES ('206', '1', '70', '宽城满族自治县', '1', '0');
INSERT INTO `extension_cascader_menu_data` VALUES ('207', '1', '70', '围场满族蒙古族自治县', '1', '0');
INSERT INTO `extension_cascader_menu_data` VALUES ('208', '1', '71', '新华区', '1', '0');
INSERT INTO `extension_cascader_menu_data` VALUES ('209', '1', '71', '运河区', '1', '0');
INSERT INTO `extension_cascader_menu_data` VALUES ('210', '1', '71', '沧县', '1', '0');
INSERT INTO `extension_cascader_menu_data` VALUES ('211', '1', '71', '青县', '1', '0');
INSERT INTO `extension_cascader_menu_data` VALUES ('212', '1', '71', '东光县', '1', '0');
INSERT INTO `extension_cascader_menu_data` VALUES ('213', '1', '71', '海兴县', '1', '0');
INSERT INTO `extension_cascader_menu_data` VALUES ('214', '1', '71', '盐山县', '1', '0');
INSERT INTO `extension_cascader_menu_data` VALUES ('215', '1', '71', '肃宁县', '1', '0');
INSERT INTO `extension_cascader_menu_data` VALUES ('216', '1', '71', '南皮县', '1', '0');
INSERT INTO `extension_cascader_menu_data` VALUES ('217', '1', '71', '吴桥县', '1', '0');
INSERT INTO `extension_cascader_menu_data` VALUES ('218', '1', '71', '献县', '1', '0');
INSERT INTO `extension_cascader_menu_data` VALUES ('219', '1', '71', '孟村回族自治县', '1', '0');
INSERT INTO `extension_cascader_menu_data` VALUES ('220', '1', '71', '泊头市', '1', '0');
INSERT INTO `extension_cascader_menu_data` VALUES ('221', '1', '71', '任丘市', '1', '0');
INSERT INTO `extension_cascader_menu_data` VALUES ('222', '1', '71', '黄骅市', '1', '0');
INSERT INTO `extension_cascader_menu_data` VALUES ('223', '1', '71', '河间市', '1', '0');
INSERT INTO `extension_cascader_menu_data` VALUES ('224', '1', '72', '安次区', '1', '0');
INSERT INTO `extension_cascader_menu_data` VALUES ('225', '1', '72', '广阳区', '1', '0');
INSERT INTO `extension_cascader_menu_data` VALUES ('226', '1', '72', '固安县', '1', '0');
INSERT INTO `extension_cascader_menu_data` VALUES ('227', '1', '72', '永清县', '1', '0');
INSERT INTO `extension_cascader_menu_data` VALUES ('228', '1', '72', '香河县', '1', '0');
INSERT INTO `extension_cascader_menu_data` VALUES ('229', '1', '72', '大城县', '1', '0');
INSERT INTO `extension_cascader_menu_data` VALUES ('230', '1', '72', '文安县', '1', '0');
INSERT INTO `extension_cascader_menu_data` VALUES ('231', '1', '72', '大厂回族自治县', '1', '0');
INSERT INTO `extension_cascader_menu_data` VALUES ('232', '1', '72', '霸州市', '1', '0');
INSERT INTO `extension_cascader_menu_data` VALUES ('233', '1', '72', '三河市', '1', '0');
INSERT INTO `extension_cascader_menu_data` VALUES ('234', '1', '73', '桃城区', '1', '0');
INSERT INTO `extension_cascader_menu_data` VALUES ('235', '1', '73', '枣强县', '1', '0');
INSERT INTO `extension_cascader_menu_data` VALUES ('236', '1', '73', '武邑县', '1', '0');
INSERT INTO `extension_cascader_menu_data` VALUES ('237', '1', '73', '武强县', '1', '0');
INSERT INTO `extension_cascader_menu_data` VALUES ('238', '1', '73', '饶阳县', '1', '0');
INSERT INTO `extension_cascader_menu_data` VALUES ('239', '1', '73', '安平县', '1', '0');
INSERT INTO `extension_cascader_menu_data` VALUES ('240', '1', '73', '故城县', '1', '0');
INSERT INTO `extension_cascader_menu_data` VALUES ('241', '1', '73', '景县', '1', '0');
INSERT INTO `extension_cascader_menu_data` VALUES ('242', '1', '73', '阜城县', '1', '0');
INSERT INTO `extension_cascader_menu_data` VALUES ('243', '1', '73', '冀州市', '1', '0');
INSERT INTO `extension_cascader_menu_data` VALUES ('244', '1', '73', '深州市', '1', '0');
INSERT INTO `extension_cascader_menu_data` VALUES ('245', '1', '21', '太原市', '1', '0');
INSERT INTO `extension_cascader_menu_data` VALUES ('246', '1', '21', '大同市', '1', '0');
INSERT INTO `extension_cascader_menu_data` VALUES ('247', '1', '21', '阳泉市', '1', '0');
INSERT INTO `extension_cascader_menu_data` VALUES ('248', '1', '21', '长治市', '1', '0');
INSERT INTO `extension_cascader_menu_data` VALUES ('249', '1', '21', '晋城市', '1', '0');
INSERT INTO `extension_cascader_menu_data` VALUES ('250', '1', '21', '朔州市', '1', '0');
INSERT INTO `extension_cascader_menu_data` VALUES ('251', '1', '21', '晋中市', '1', '0');
INSERT INTO `extension_cascader_menu_data` VALUES ('252', '1', '21', '运城市', '1', '0');
INSERT INTO `extension_cascader_menu_data` VALUES ('253', '1', '21', '忻州市', '1', '0');
INSERT INTO `extension_cascader_menu_data` VALUES ('254', '1', '21', '临汾市', '1', '0');
INSERT INTO `extension_cascader_menu_data` VALUES ('255', '1', '21', '吕梁市', '1', '0');
INSERT INTO `extension_cascader_menu_data` VALUES ('256', '1', '245', '小店区', '1', '0');
INSERT INTO `extension_cascader_menu_data` VALUES ('257', '1', '245', '迎泽区', '1', '0');
INSERT INTO `extension_cascader_menu_data` VALUES ('258', '1', '245', '杏花岭区', '1', '0');
INSERT INTO `extension_cascader_menu_data` VALUES ('259', '1', '245', '尖草坪区', '1', '0');
INSERT INTO `extension_cascader_menu_data` VALUES ('260', '1', '245', '万柏林区', '1', '0');
INSERT INTO `extension_cascader_menu_data` VALUES ('261', '1', '245', '晋源区', '1', '0');
INSERT INTO `extension_cascader_menu_data` VALUES ('262', '1', '245', '清徐县', '1', '0');
INSERT INTO `extension_cascader_menu_data` VALUES ('263', '1', '245', '阳曲县', '1', '0');
INSERT INTO `extension_cascader_menu_data` VALUES ('264', '1', '245', '娄烦县', '1', '0');
INSERT INTO `extension_cascader_menu_data` VALUES ('265', '1', '245', '古交市', '1', '0');
INSERT INTO `extension_cascader_menu_data` VALUES ('266', '1', '246', '城区', '1', '0');
INSERT INTO `extension_cascader_menu_data` VALUES ('267', '1', '246', '矿区', '1', '0');
INSERT INTO `extension_cascader_menu_data` VALUES ('268', '1', '246', '南郊区', '1', '0');
INSERT INTO `extension_cascader_menu_data` VALUES ('269', '1', '246', '新荣区', '1', '0');
INSERT INTO `extension_cascader_menu_data` VALUES ('270', '1', '246', '阳高县', '1', '0');
INSERT INTO `extension_cascader_menu_data` VALUES ('271', '1', '246', '天镇县', '1', '0');
INSERT INTO `extension_cascader_menu_data` VALUES ('272', '1', '246', '广灵县', '1', '0');
INSERT INTO `extension_cascader_menu_data` VALUES ('273', '1', '246', '灵丘县', '1', '0');
INSERT INTO `extension_cascader_menu_data` VALUES ('274', '1', '246', '浑源县', '1', '0');
INSERT INTO `extension_cascader_menu_data` VALUES ('275', '1', '246', '左云县', '1', '0');
INSERT INTO `extension_cascader_menu_data` VALUES ('276', '1', '246', '大同县', '1', '0');
INSERT INTO `extension_cascader_menu_data` VALUES ('277', '1', '247', '城区', '1', '0');
INSERT INTO `extension_cascader_menu_data` VALUES ('278', '1', '247', '矿区', '1', '0');
INSERT INTO `extension_cascader_menu_data` VALUES ('279', '1', '247', '郊区', '1', '0');
INSERT INTO `extension_cascader_menu_data` VALUES ('280', '1', '247', '平定县', '1', '0');
INSERT INTO `extension_cascader_menu_data` VALUES ('281', '1', '247', '盂县', '1', '0');
INSERT INTO `extension_cascader_menu_data` VALUES ('282', '1', '248', '城区', '1', '0');
INSERT INTO `extension_cascader_menu_data` VALUES ('283', '1', '248', '郊区', '1', '0');
INSERT INTO `extension_cascader_menu_data` VALUES ('284', '1', '248', '长治县', '1', '0');
INSERT INTO `extension_cascader_menu_data` VALUES ('285', '1', '248', '襄垣县', '1', '0');
INSERT INTO `extension_cascader_menu_data` VALUES ('286', '1', '248', '屯留县', '1', '0');
INSERT INTO `extension_cascader_menu_data` VALUES ('287', '1', '248', '平顺县', '1', '0');
INSERT INTO `extension_cascader_menu_data` VALUES ('288', '1', '248', '黎城县', '1', '0');
INSERT INTO `extension_cascader_menu_data` VALUES ('289', '1', '248', '壶关县', '1', '0');
INSERT INTO `extension_cascader_menu_data` VALUES ('290', '1', '248', '长子县', '1', '0');
INSERT INTO `extension_cascader_menu_data` VALUES ('291', '1', '248', '武乡县', '1', '0');
INSERT INTO `extension_cascader_menu_data` VALUES ('292', '1', '248', '沁县', '1', '0');
INSERT INTO `extension_cascader_menu_data` VALUES ('293', '1', '248', '沁源县', '1', '0');
INSERT INTO `extension_cascader_menu_data` VALUES ('294', '1', '248', '潞城市', '1', '0');
INSERT INTO `extension_cascader_menu_data` VALUES ('295', '1', '249', '城区', '1', '0');
INSERT INTO `extension_cascader_menu_data` VALUES ('296', '1', '249', '沁水县', '1', '0');
INSERT INTO `extension_cascader_menu_data` VALUES ('297', '1', '249', '阳城县', '1', '0');
INSERT INTO `extension_cascader_menu_data` VALUES ('298', '1', '249', '陵川县', '1', '0');
INSERT INTO `extension_cascader_menu_data` VALUES ('299', '1', '249', '泽州县', '1', '0');
INSERT INTO `extension_cascader_menu_data` VALUES ('300', '1', '249', '高平市', '1', '0');
INSERT INTO `extension_cascader_menu_data` VALUES ('301', '1', '250', '朔城区', '1', '0');
INSERT INTO `extension_cascader_menu_data` VALUES ('302', '1', '250', '平鲁区', '1', '0');
INSERT INTO `extension_cascader_menu_data` VALUES ('303', '1', '250', '山阴县', '1', '0');
INSERT INTO `extension_cascader_menu_data` VALUES ('304', '1', '250', '应县', '1', '0');
INSERT INTO `extension_cascader_menu_data` VALUES ('305', '1', '250', '右玉县', '1', '0');
INSERT INTO `extension_cascader_menu_data` VALUES ('306', '1', '250', '怀仁县', '1', '0');
INSERT INTO `extension_cascader_menu_data` VALUES ('307', '1', '251', '榆次区', '1', '0');
INSERT INTO `extension_cascader_menu_data` VALUES ('308', '1', '251', '榆社县', '1', '0');
INSERT INTO `extension_cascader_menu_data` VALUES ('309', '1', '251', '左权县', '1', '0');
INSERT INTO `extension_cascader_menu_data` VALUES ('310', '1', '251', '和顺县', '1', '0');
INSERT INTO `extension_cascader_menu_data` VALUES ('311', '1', '251', '昔阳县', '1', '0');
INSERT INTO `extension_cascader_menu_data` VALUES ('312', '1', '251', '寿阳县', '1', '0');
INSERT INTO `extension_cascader_menu_data` VALUES ('313', '1', '251', '太谷县', '1', '0');
INSERT INTO `extension_cascader_menu_data` VALUES ('314', '1', '251', '祁县', '1', '0');
INSERT INTO `extension_cascader_menu_data` VALUES ('315', '1', '251', '平遥县', '1', '0');
INSERT INTO `extension_cascader_menu_data` VALUES ('316', '1', '251', '灵石县', '1', '0');
INSERT INTO `extension_cascader_menu_data` VALUES ('317', '1', '251', '介休市', '1', '0');
INSERT INTO `extension_cascader_menu_data` VALUES ('318', '1', '252', '盐湖区', '1', '0');
INSERT INTO `extension_cascader_menu_data` VALUES ('319', '1', '252', '临猗县', '1', '0');
INSERT INTO `extension_cascader_menu_data` VALUES ('320', '1', '252', '万荣县', '1', '0');
INSERT INTO `extension_cascader_menu_data` VALUES ('321', '1', '252', '闻喜县', '1', '0');
INSERT INTO `extension_cascader_menu_data` VALUES ('322', '1', '252', '稷山县', '1', '0');
INSERT INTO `extension_cascader_menu_data` VALUES ('323', '1', '252', '新绛县', '1', '0');
INSERT INTO `extension_cascader_menu_data` VALUES ('324', '1', '252', '绛县', '1', '0');
INSERT INTO `extension_cascader_menu_data` VALUES ('325', '1', '252', '垣曲县', '1', '0');
INSERT INTO `extension_cascader_menu_data` VALUES ('326', '1', '252', '夏县', '1', '0');
INSERT INTO `extension_cascader_menu_data` VALUES ('327', '1', '252', '平陆县', '1', '0');
INSERT INTO `extension_cascader_menu_data` VALUES ('328', '1', '252', '芮城县', '1', '0');
INSERT INTO `extension_cascader_menu_data` VALUES ('329', '1', '252', '永济市', '1', '0');
INSERT INTO `extension_cascader_menu_data` VALUES ('330', '1', '252', '河津市', '1', '0');
INSERT INTO `extension_cascader_menu_data` VALUES ('331', '1', '253', '忻府区', '1', '0');
INSERT INTO `extension_cascader_menu_data` VALUES ('332', '1', '253', '定襄县', '1', '0');
INSERT INTO `extension_cascader_menu_data` VALUES ('333', '1', '253', '五台县', '1', '0');
INSERT INTO `extension_cascader_menu_data` VALUES ('334', '1', '253', '代县', '1', '0');
INSERT INTO `extension_cascader_menu_data` VALUES ('335', '1', '253', '繁峙县', '1', '0');
INSERT INTO `extension_cascader_menu_data` VALUES ('336', '1', '253', '宁武县', '1', '0');
INSERT INTO `extension_cascader_menu_data` VALUES ('337', '1', '253', '静乐县', '1', '0');
INSERT INTO `extension_cascader_menu_data` VALUES ('338', '1', '253', '神池县', '1', '0');
INSERT INTO `extension_cascader_menu_data` VALUES ('339', '1', '253', '五寨县', '1', '0');
INSERT INTO `extension_cascader_menu_data` VALUES ('340', '1', '253', '岢岚县', '1', '0');
INSERT INTO `extension_cascader_menu_data` VALUES ('341', '1', '253', '河曲县', '1', '0');
INSERT INTO `extension_cascader_menu_data` VALUES ('342', '1', '253', '保德县', '1', '0');
INSERT INTO `extension_cascader_menu_data` VALUES ('343', '1', '253', '偏关县', '1', '0');
INSERT INTO `extension_cascader_menu_data` VALUES ('344', '1', '253', '原平市', '1', '0');
INSERT INTO `extension_cascader_menu_data` VALUES ('345', '1', '254', '尧都区', '1', '0');
INSERT INTO `extension_cascader_menu_data` VALUES ('346', '1', '254', '曲沃县', '1', '0');
INSERT INTO `extension_cascader_menu_data` VALUES ('347', '1', '254', '翼城县', '1', '0');
INSERT INTO `extension_cascader_menu_data` VALUES ('348', '1', '254', '襄汾县', '1', '0');
INSERT INTO `extension_cascader_menu_data` VALUES ('349', '1', '254', '洪洞县', '1', '0');
INSERT INTO `extension_cascader_menu_data` VALUES ('350', '1', '254', '古县', '1', '0');
INSERT INTO `extension_cascader_menu_data` VALUES ('351', '1', '254', '安泽县', '1', '0');
INSERT INTO `extension_cascader_menu_data` VALUES ('352', '1', '254', '浮山县', '1', '0');
INSERT INTO `extension_cascader_menu_data` VALUES ('353', '1', '254', '吉县', '1', '0');
INSERT INTO `extension_cascader_menu_data` VALUES ('354', '1', '254', '乡宁县', '1', '0');
INSERT INTO `extension_cascader_menu_data` VALUES ('355', '1', '254', '大宁县', '1', '0');
INSERT INTO `extension_cascader_menu_data` VALUES ('356', '1', '254', '隰县', '1', '0');
INSERT INTO `extension_cascader_menu_data` VALUES ('357', '1', '254', '永和县', '1', '0');
INSERT INTO `extension_cascader_menu_data` VALUES ('358', '1', '254', '蒲县', '1', '0');
INSERT INTO `extension_cascader_menu_data` VALUES ('359', '1', '254', '汾西县', '1', '0');
INSERT INTO `extension_cascader_menu_data` VALUES ('360', '1', '254', '侯马市', '1', '0');
INSERT INTO `extension_cascader_menu_data` VALUES ('361', '1', '254', '霍州市', '1', '0');
INSERT INTO `extension_cascader_menu_data` VALUES ('362', '1', '255', '离石区', '1', '0');
INSERT INTO `extension_cascader_menu_data` VALUES ('363', '1', '255', '文水县', '1', '0');
INSERT INTO `extension_cascader_menu_data` VALUES ('364', '1', '255', '交城县', '1', '0');
INSERT INTO `extension_cascader_menu_data` VALUES ('365', '1', '255', '兴县', '1', '0');
INSERT INTO `extension_cascader_menu_data` VALUES ('366', '1', '255', '临县', '1', '0');
INSERT INTO `extension_cascader_menu_data` VALUES ('367', '1', '255', '柳林县', '1', '0');
INSERT INTO `extension_cascader_menu_data` VALUES ('368', '1', '255', '石楼县', '1', '0');
INSERT INTO `extension_cascader_menu_data` VALUES ('369', '1', '255', '岚县', '1', '0');
INSERT INTO `extension_cascader_menu_data` VALUES ('370', '1', '255', '方山县', '1', '0');
INSERT INTO `extension_cascader_menu_data` VALUES ('371', '1', '255', '中阳县', '1', '0');
INSERT INTO `extension_cascader_menu_data` VALUES ('372', '1', '255', '交口县', '1', '0');
INSERT INTO `extension_cascader_menu_data` VALUES ('373', '1', '255', '孝义市', '1', '0');
INSERT INTO `extension_cascader_menu_data` VALUES ('374', '1', '255', '汾阳市', '1', '0');
INSERT INTO `extension_cascader_menu_data` VALUES ('375', '1', '22', '呼和浩特市', '1', '0');
INSERT INTO `extension_cascader_menu_data` VALUES ('376', '1', '22', '包头市', '1', '0');
INSERT INTO `extension_cascader_menu_data` VALUES ('377', '1', '22', '乌海市', '1', '0');
INSERT INTO `extension_cascader_menu_data` VALUES ('378', '1', '22', '赤峰市', '1', '0');
INSERT INTO `extension_cascader_menu_data` VALUES ('379', '1', '22', '通辽市', '1', '0');
INSERT INTO `extension_cascader_menu_data` VALUES ('380', '1', '22', '鄂尔多斯市', '1', '0');
INSERT INTO `extension_cascader_menu_data` VALUES ('381', '1', '22', '呼伦贝尔市', '1', '0');
INSERT INTO `extension_cascader_menu_data` VALUES ('382', '1', '22', '巴彦淖尔市', '1', '0');
INSERT INTO `extension_cascader_menu_data` VALUES ('383', '1', '22', '乌兰察布市', '1', '0');
INSERT INTO `extension_cascader_menu_data` VALUES ('384', '1', '22', '兴安盟', '1', '0');
INSERT INTO `extension_cascader_menu_data` VALUES ('385', '1', '22', '锡林郭勒盟', '1', '0');
INSERT INTO `extension_cascader_menu_data` VALUES ('386', '1', '22', '阿拉善盟', '1', '0');
INSERT INTO `extension_cascader_menu_data` VALUES ('387', '1', '375', '新城区', '1', '0');
INSERT INTO `extension_cascader_menu_data` VALUES ('388', '1', '375', '回民区', '1', '0');
INSERT INTO `extension_cascader_menu_data` VALUES ('389', '1', '375', '玉泉区', '1', '0');
INSERT INTO `extension_cascader_menu_data` VALUES ('390', '1', '375', '赛罕区', '1', '0');
INSERT INTO `extension_cascader_menu_data` VALUES ('391', '1', '375', '土默特左旗', '1', '0');
INSERT INTO `extension_cascader_menu_data` VALUES ('392', '1', '375', '托克托县', '1', '0');
INSERT INTO `extension_cascader_menu_data` VALUES ('393', '1', '375', '和林格尔县', '1', '0');
INSERT INTO `extension_cascader_menu_data` VALUES ('394', '1', '375', '清水河县', '1', '0');
INSERT INTO `extension_cascader_menu_data` VALUES ('395', '1', '375', '武川县', '1', '0');
INSERT INTO `extension_cascader_menu_data` VALUES ('396', '1', '376', '东河区', '1', '0');
INSERT INTO `extension_cascader_menu_data` VALUES ('397', '1', '376', '昆都仑区', '1', '0');
INSERT INTO `extension_cascader_menu_data` VALUES ('398', '1', '376', '青山区', '1', '0');
INSERT INTO `extension_cascader_menu_data` VALUES ('399', '1', '376', '石拐区', '1', '0');
INSERT INTO `extension_cascader_menu_data` VALUES ('400', '1', '376', '白云鄂博矿区', '1', '0');
INSERT INTO `extension_cascader_menu_data` VALUES ('401', '1', '376', '九原区', '1', '0');
INSERT INTO `extension_cascader_menu_data` VALUES ('402', '1', '376', '土默特右旗', '1', '0');
INSERT INTO `extension_cascader_menu_data` VALUES ('403', '1', '376', '固阳县', '1', '0');
INSERT INTO `extension_cascader_menu_data` VALUES ('404', '1', '376', '达尔罕茂明安联合旗', '1', '0');
INSERT INTO `extension_cascader_menu_data` VALUES ('405', '1', '377', '海勃湾区', '1', '0');
INSERT INTO `extension_cascader_menu_data` VALUES ('406', '1', '377', '海南区', '1', '0');
INSERT INTO `extension_cascader_menu_data` VALUES ('407', '1', '377', '乌达区', '1', '0');
INSERT INTO `extension_cascader_menu_data` VALUES ('408', '1', '378', '红山区', '1', '0');
INSERT INTO `extension_cascader_menu_data` VALUES ('409', '1', '378', '元宝山区', '1', '0');
INSERT INTO `extension_cascader_menu_data` VALUES ('410', '1', '378', '松山区', '1', '0');
INSERT INTO `extension_cascader_menu_data` VALUES ('411', '1', '378', '阿鲁科尔沁旗', '1', '0');
INSERT INTO `extension_cascader_menu_data` VALUES ('412', '1', '378', '巴林左旗', '1', '0');
INSERT INTO `extension_cascader_menu_data` VALUES ('413', '1', '378', '巴林右旗', '1', '0');
INSERT INTO `extension_cascader_menu_data` VALUES ('414', '1', '378', '林西县', '1', '0');
INSERT INTO `extension_cascader_menu_data` VALUES ('415', '1', '378', '克什克腾旗', '1', '0');
INSERT INTO `extension_cascader_menu_data` VALUES ('416', '1', '378', '翁牛特旗', '1', '0');
INSERT INTO `extension_cascader_menu_data` VALUES ('417', '1', '378', '喀喇沁旗', '1', '0');
INSERT INTO `extension_cascader_menu_data` VALUES ('418', '1', '378', '宁城县', '1', '0');
INSERT INTO `extension_cascader_menu_data` VALUES ('419', '1', '378', '敖汉旗', '1', '0');
INSERT INTO `extension_cascader_menu_data` VALUES ('420', '1', '379', '科尔沁区', '1', '0');
INSERT INTO `extension_cascader_menu_data` VALUES ('421', '1', '379', '科尔沁左翼中旗', '1', '0');
INSERT INTO `extension_cascader_menu_data` VALUES ('422', '1', '379', '科尔沁左翼后旗', '1', '0');
INSERT INTO `extension_cascader_menu_data` VALUES ('423', '1', '379', '开鲁县', '1', '0');
INSERT INTO `extension_cascader_menu_data` VALUES ('424', '1', '379', '库伦旗', '1', '0');
INSERT INTO `extension_cascader_menu_data` VALUES ('425', '1', '379', '奈曼旗', '1', '0');
INSERT INTO `extension_cascader_menu_data` VALUES ('426', '1', '379', '扎鲁特旗', '1', '0');
INSERT INTO `extension_cascader_menu_data` VALUES ('427', '1', '379', '霍林郭勒市', '1', '0');
INSERT INTO `extension_cascader_menu_data` VALUES ('428', '1', '380', '东胜区', '1', '0');
INSERT INTO `extension_cascader_menu_data` VALUES ('429', '1', '380', '达拉特旗', '1', '0');
INSERT INTO `extension_cascader_menu_data` VALUES ('430', '1', '380', '准格尔旗', '1', '0');
INSERT INTO `extension_cascader_menu_data` VALUES ('431', '1', '380', '鄂托克前旗', '1', '0');
INSERT INTO `extension_cascader_menu_data` VALUES ('432', '1', '380', '鄂托克旗', '1', '0');
INSERT INTO `extension_cascader_menu_data` VALUES ('433', '1', '380', '杭锦旗', '1', '0');
INSERT INTO `extension_cascader_menu_data` VALUES ('434', '1', '380', '乌审旗', '1', '0');
INSERT INTO `extension_cascader_menu_data` VALUES ('435', '1', '380', '伊金霍洛旗', '1', '0');
INSERT INTO `extension_cascader_menu_data` VALUES ('436', '1', '381', '海拉尔区', '1', '0');
INSERT INTO `extension_cascader_menu_data` VALUES ('437', '1', '381', '扎赉诺尔区', '1', '0');
INSERT INTO `extension_cascader_menu_data` VALUES ('438', '1', '381', '阿荣旗', '1', '0');
INSERT INTO `extension_cascader_menu_data` VALUES ('439', '1', '381', '莫力达瓦达斡尔族自治旗', '1', '0');
INSERT INTO `extension_cascader_menu_data` VALUES ('440', '1', '381', '鄂伦春自治旗', '1', '0');
INSERT INTO `extension_cascader_menu_data` VALUES ('441', '1', '381', '鄂温克族自治旗', '1', '0');
INSERT INTO `extension_cascader_menu_data` VALUES ('442', '1', '381', '陈巴尔虎旗', '1', '0');
INSERT INTO `extension_cascader_menu_data` VALUES ('443', '1', '381', '新巴尔虎左旗', '1', '0');
INSERT INTO `extension_cascader_menu_data` VALUES ('444', '1', '381', '新巴尔虎右旗', '1', '0');
INSERT INTO `extension_cascader_menu_data` VALUES ('445', '1', '381', '满洲里市', '1', '0');
INSERT INTO `extension_cascader_menu_data` VALUES ('446', '1', '381', '牙克石市', '1', '0');
INSERT INTO `extension_cascader_menu_data` VALUES ('447', '1', '381', '扎兰屯市', '1', '0');
INSERT INTO `extension_cascader_menu_data` VALUES ('448', '1', '381', '额尔古纳市', '1', '0');
INSERT INTO `extension_cascader_menu_data` VALUES ('449', '1', '381', '根河市', '1', '0');
INSERT INTO `extension_cascader_menu_data` VALUES ('450', '1', '382', '临河区', '1', '0');
INSERT INTO `extension_cascader_menu_data` VALUES ('451', '1', '382', '五原县', '1', '0');
INSERT INTO `extension_cascader_menu_data` VALUES ('452', '1', '382', '磴口县', '1', '0');
INSERT INTO `extension_cascader_menu_data` VALUES ('453', '1', '382', '乌拉特前旗', '1', '0');
INSERT INTO `extension_cascader_menu_data` VALUES ('454', '1', '382', '乌拉特中旗', '1', '0');
INSERT INTO `extension_cascader_menu_data` VALUES ('455', '1', '382', '乌拉特后旗', '1', '0');
INSERT INTO `extension_cascader_menu_data` VALUES ('456', '1', '382', '杭锦后旗', '1', '0');
INSERT INTO `extension_cascader_menu_data` VALUES ('457', '1', '383', '集宁区', '1', '0');
INSERT INTO `extension_cascader_menu_data` VALUES ('458', '1', '383', '卓资县', '1', '0');
INSERT INTO `extension_cascader_menu_data` VALUES ('459', '1', '383', '化德县', '1', '0');
INSERT INTO `extension_cascader_menu_data` VALUES ('460', '1', '383', '商都县', '1', '0');
INSERT INTO `extension_cascader_menu_data` VALUES ('461', '1', '383', '兴和县', '1', '0');
INSERT INTO `extension_cascader_menu_data` VALUES ('462', '1', '383', '凉城县', '1', '0');
INSERT INTO `extension_cascader_menu_data` VALUES ('463', '1', '383', '察哈尔右翼前旗', '1', '0');
INSERT INTO `extension_cascader_menu_data` VALUES ('464', '1', '383', '察哈尔右翼中旗', '1', '0');
INSERT INTO `extension_cascader_menu_data` VALUES ('465', '1', '383', '察哈尔右翼后旗', '1', '0');
INSERT INTO `extension_cascader_menu_data` VALUES ('466', '1', '383', '四子王旗', '1', '0');
INSERT INTO `extension_cascader_menu_data` VALUES ('467', '1', '383', '丰镇市', '1', '0');
INSERT INTO `extension_cascader_menu_data` VALUES ('468', '1', '384', '乌兰浩特市', '1', '0');
INSERT INTO `extension_cascader_menu_data` VALUES ('469', '1', '384', '阿尔山市', '1', '0');
INSERT INTO `extension_cascader_menu_data` VALUES ('470', '1', '384', '科尔沁右翼前旗', '1', '0');
INSERT INTO `extension_cascader_menu_data` VALUES ('471', '1', '384', '科尔沁右翼中旗', '1', '0');
INSERT INTO `extension_cascader_menu_data` VALUES ('472', '1', '384', '扎赉特旗', '1', '0');
INSERT INTO `extension_cascader_menu_data` VALUES ('473', '1', '384', '突泉县', '1', '0');
INSERT INTO `extension_cascader_menu_data` VALUES ('474', '1', '385', '二连浩特市', '1', '0');
INSERT INTO `extension_cascader_menu_data` VALUES ('475', '1', '385', '锡林浩特市', '1', '0');
INSERT INTO `extension_cascader_menu_data` VALUES ('476', '1', '385', '阿巴嘎旗', '1', '0');
INSERT INTO `extension_cascader_menu_data` VALUES ('477', '1', '385', '苏尼特左旗', '1', '0');
INSERT INTO `extension_cascader_menu_data` VALUES ('478', '1', '385', '苏尼特右旗', '1', '0');
INSERT INTO `extension_cascader_menu_data` VALUES ('479', '1', '385', '东乌珠穆沁旗', '1', '0');
INSERT INTO `extension_cascader_menu_data` VALUES ('480', '1', '385', '西乌珠穆沁旗', '1', '0');
INSERT INTO `extension_cascader_menu_data` VALUES ('481', '1', '385', '太仆寺旗', '1', '0');
INSERT INTO `extension_cascader_menu_data` VALUES ('482', '1', '385', '镶黄旗', '1', '0');
INSERT INTO `extension_cascader_menu_data` VALUES ('483', '1', '385', '正镶白旗', '1', '0');
INSERT INTO `extension_cascader_menu_data` VALUES ('484', '1', '385', '正蓝旗', '1', '0');
INSERT INTO `extension_cascader_menu_data` VALUES ('485', '1', '385', '多伦县', '1', '0');
INSERT INTO `extension_cascader_menu_data` VALUES ('486', '1', '386', '阿拉善左旗', '1', '0');
INSERT INTO `extension_cascader_menu_data` VALUES ('487', '1', '386', '阿拉善右旗', '1', '0');
INSERT INTO `extension_cascader_menu_data` VALUES ('488', '1', '386', '额济纳旗', '1', '0');
INSERT INTO `extension_cascader_menu_data` VALUES ('489', '1', '23', '沈阳市', '1', '0');
INSERT INTO `extension_cascader_menu_data` VALUES ('490', '1', '23', '大连市', '1', '0');
INSERT INTO `extension_cascader_menu_data` VALUES ('491', '1', '23', '鞍山市', '1', '0');
INSERT INTO `extension_cascader_menu_data` VALUES ('492', '1', '23', '抚顺市', '1', '0');
INSERT INTO `extension_cascader_menu_data` VALUES ('493', '1', '23', '本溪市', '1', '0');
INSERT INTO `extension_cascader_menu_data` VALUES ('494', '1', '23', '丹东市', '1', '0');
INSERT INTO `extension_cascader_menu_data` VALUES ('495', '1', '23', '锦州市', '1', '0');
INSERT INTO `extension_cascader_menu_data` VALUES ('496', '1', '23', '营口市', '1', '0');
INSERT INTO `extension_cascader_menu_data` VALUES ('497', '1', '23', '阜新市', '1', '0');
INSERT INTO `extension_cascader_menu_data` VALUES ('498', '1', '23', '辽阳市', '1', '0');
INSERT INTO `extension_cascader_menu_data` VALUES ('499', '1', '23', '盘锦市', '1', '0');
INSERT INTO `extension_cascader_menu_data` VALUES ('500', '1', '23', '铁岭市', '1', '0');
INSERT INTO `extension_cascader_menu_data` VALUES ('501', '1', '23', '朝阳市', '1', '0');
INSERT INTO `extension_cascader_menu_data` VALUES ('502', '1', '23', '葫芦岛市', '1', '0');
INSERT INTO `extension_cascader_menu_data` VALUES ('503', '1', '489', '和平区', '1', '0');
INSERT INTO `extension_cascader_menu_data` VALUES ('504', '1', '489', '沈河区', '1', '0');
INSERT INTO `extension_cascader_menu_data` VALUES ('505', '1', '489', '大东区', '1', '0');
INSERT INTO `extension_cascader_menu_data` VALUES ('506', '1', '489', '皇姑区', '1', '0');
INSERT INTO `extension_cascader_menu_data` VALUES ('507', '1', '489', '铁西区', '1', '0');
INSERT INTO `extension_cascader_menu_data` VALUES ('508', '1', '489', '苏家屯区', '1', '0');
INSERT INTO `extension_cascader_menu_data` VALUES ('509', '1', '489', '东陵区', '1', '0');
INSERT INTO `extension_cascader_menu_data` VALUES ('510', '1', '489', '沈北新区', '1', '0');
INSERT INTO `extension_cascader_menu_data` VALUES ('511', '1', '489', '于洪区', '1', '0');
INSERT INTO `extension_cascader_menu_data` VALUES ('512', '1', '489', '辽中县', '1', '0');
INSERT INTO `extension_cascader_menu_data` VALUES ('513', '1', '489', '康平县', '1', '0');
INSERT INTO `extension_cascader_menu_data` VALUES ('514', '1', '489', '法库县', '1', '0');
INSERT INTO `extension_cascader_menu_data` VALUES ('515', '1', '489', '新民市', '1', '0');
INSERT INTO `extension_cascader_menu_data` VALUES ('516', '1', '490', '中山区', '1', '0');
INSERT INTO `extension_cascader_menu_data` VALUES ('517', '1', '490', '西岗区', '1', '0');
INSERT INTO `extension_cascader_menu_data` VALUES ('518', '1', '490', '沙河口区', '1', '0');
INSERT INTO `extension_cascader_menu_data` VALUES ('519', '1', '490', '甘井子区', '1', '0');
INSERT INTO `extension_cascader_menu_data` VALUES ('520', '1', '490', '旅顺口区', '1', '0');
INSERT INTO `extension_cascader_menu_data` VALUES ('521', '1', '490', '金州区', '1', '0');
INSERT INTO `extension_cascader_menu_data` VALUES ('522', '1', '490', '长海县', '1', '0');
INSERT INTO `extension_cascader_menu_data` VALUES ('523', '1', '490', '瓦房店市', '1', '0');
INSERT INTO `extension_cascader_menu_data` VALUES ('524', '1', '490', '普兰店市', '1', '0');
INSERT INTO `extension_cascader_menu_data` VALUES ('525', '1', '490', '庄河市', '1', '0');
INSERT INTO `extension_cascader_menu_data` VALUES ('526', '1', '491', '铁东区', '1', '0');
INSERT INTO `extension_cascader_menu_data` VALUES ('527', '1', '491', '铁西区', '1', '0');
INSERT INTO `extension_cascader_menu_data` VALUES ('528', '1', '491', '立山区', '1', '0');
INSERT INTO `extension_cascader_menu_data` VALUES ('529', '1', '491', '千山区', '1', '0');
INSERT INTO `extension_cascader_menu_data` VALUES ('530', '1', '491', '台安县', '1', '0');
INSERT INTO `extension_cascader_menu_data` VALUES ('531', '1', '491', '岫岩满族自治县', '1', '0');
INSERT INTO `extension_cascader_menu_data` VALUES ('532', '1', '491', '海城市', '1', '0');
INSERT INTO `extension_cascader_menu_data` VALUES ('533', '1', '492', '新抚区', '1', '0');
INSERT INTO `extension_cascader_menu_data` VALUES ('534', '1', '492', '东洲区', '1', '0');
INSERT INTO `extension_cascader_menu_data` VALUES ('535', '1', '492', '望花区', '1', '0');
INSERT INTO `extension_cascader_menu_data` VALUES ('536', '1', '492', '顺城区', '1', '0');
INSERT INTO `extension_cascader_menu_data` VALUES ('537', '1', '492', '抚顺县', '1', '0');
INSERT INTO `extension_cascader_menu_data` VALUES ('538', '1', '492', '新宾满族自治县', '1', '0');
INSERT INTO `extension_cascader_menu_data` VALUES ('539', '1', '492', '清原满族自治县', '1', '0');

-- ----------------------------
-- Table structure for extension_keylink
-- ----------------------------
DROP TABLE IF EXISTS `extension_keylink`;
CREATE TABLE `extension_keylink` (
  `id` smallint(5) unsigned NOT NULL AUTO_INCREMENT,
  `keyword` varchar(100) NOT NULL COMMENT '关键字',
  `url` varchar(255) NOT NULL COMMENT '链接URL地址',
  `status` tinyint(1) NOT NULL DEFAULT '1' COMMENT '是否启用',
  `is_deleted` tinyint(1) NOT NULL DEFAULT '0' COMMENT '删除状态(0未删除,1已删除)',
  `create_at` timestamp NOT NULL DEFAULT CURRENT_TIMESTAMP COMMENT '创建时间',
  PRIMARY KEY (`id`)
) ENGINE=InnoDB AUTO_INCREMENT=2 DEFAULT CHARSET=utf8mb4 COMMENT='扩展：关键字链接';

-- ----------------------------
-- Records of extension_keylink
-- ----------------------------
INSERT INTO `extension_keylink` VALUES ('1', '汽车', 'http://www.autohome.com.cn/', '1', '0', '2020-06-09 14:59:20');

-- ----------------------------
-- Table structure for module_adv
-- ----------------------------
DROP TABLE IF EXISTS `module_adv`;
CREATE TABLE `module_adv` (
  `id` int(11) NOT NULL AUTO_INCREMENT,
  `cid` int(11) NOT NULL COMMENT '广告类别',
  `name` varchar(255) COLLATE utf8mb4_bin NOT NULL COMMENT '广告标题',
  `thumb` varchar(255) COLLATE utf8mb4_bin NOT NULL COMMENT '广告图',
  `sort` int(10) NOT NULL COMMENT '排序',
  `url` varchar(255) COLLATE utf8mb4_bin NOT NULL COMMENT '广告跳转地址',
  `description` varchar(255) COLLATE utf8mb4_bin NOT NULL COMMENT '广告描述',
  `create_at` timestamp NOT NULL DEFAULT CURRENT_TIMESTAMP,
  `is_deleted` tinyint(1) NOT NULL DEFAULT '0' COMMENT '是否删除(1删除,0未删)',
  PRIMARY KEY (`id`)
) ENGINE=InnoDB AUTO_INCREMENT=3 DEFAULT CHARSET=utf8mb4 COLLATE=utf8mb4_bin;

-- ----------------------------
-- Records of module_adv
-- ----------------------------
INSERT INTO `module_adv` VALUES ('2', '1', '首页广告图', 'upload/91/bfc962a697bfc6582339425d10bbb2.png', '1', 'http://www.baidu.com/', '广告描述', '2020-05-20 14:52:37', '0');

-- ----------------------------
-- Table structure for module_advcat
-- ----------------------------
DROP TABLE IF EXISTS `module_advcat`;
CREATE TABLE `module_advcat` (
  `id` int(10) unsigned NOT NULL AUTO_INCREMENT,
  `name` varchar(255) CHARACTER SET utf8mb4 NOT NULL COMMENT '广告位标题',
  `type` char(5) COLLATE utf8mb4_bin NOT NULL COMMENT '类型',
  `width` varchar(10) CHARACTER SET utf8mb4 NOT NULL COMMENT '广告位宽度',
  `height` varchar(10) CHARACTER SET utf8mb4 NOT NULL COMMENT '广告位高度',
  `description` varchar(255) CHARACTER SET utf8mb4 NOT NULL COMMENT '广告位描述',
  `create_at` timestamp NOT NULL DEFAULT CURRENT_TIMESTAMP ON UPDATE CURRENT_TIMESTAMP,
  PRIMARY KEY (`id`),
  KEY `name` (`name`(191)) USING BTREE
) ENGINE=InnoDB AUTO_INCREMENT=3 DEFAULT CHARSET=utf8mb4 COLLATE=utf8mb4_bin;

-- ----------------------------
-- Records of module_advcat
-- ----------------------------
INSERT INTO `module_advcat` VALUES ('1', '首页banner图', 'img', '1920', '450', '首页banner图', '2020-05-20 15:41:46');
INSERT INTO `module_advcat` VALUES ('2', '内页侧边广告', 'code', '300', '250', '内页侧边广告描述', '2020-05-20 15:41:05');

-- ----------------------------
-- Table structure for module_attachment
-- ----------------------------
DROP TABLE IF EXISTS `module_attachment`;
CREATE TABLE `module_attachment` (
  `id` int(10) unsigned NOT NULL AUTO_INCREMENT,
  `modelid` smallint(5) NOT NULL,
  `catid` smallint(5) unsigned NOT NULL DEFAULT '0',
  `filename` char(50) COLLATE utf8mb4_bin NOT NULL,
  `filepath` char(200) COLLATE utf8mb4_bin NOT NULL,
  `filesize` int(10) unsigned NOT NULL DEFAULT '0',
  `fileext` char(10) COLLATE utf8mb4_bin NOT NULL,
  `downloads` mediumint(8) unsigned NOT NULL DEFAULT '0',
  `userid` mediumint(8) unsigned NOT NULL DEFAULT '0',
  `uploadtime` int(10) unsigned NOT NULL DEFAULT '0',
  `uploadip` char(15) COLLATE utf8mb4_bin NOT NULL,
  `status` tinyint(1) NOT NULL DEFAULT '0' COMMENT '状态(0正常,-1不正常)',
  `filemd5` char(32) COLLATE utf8mb4_bin NOT NULL,
  `siteid` smallint(5) unsigned NOT NULL DEFAULT '0',
  PRIMARY KEY (`id`),
  KEY `filemd5` (`filemd5`) USING BTREE,
  KEY `fileext` (`fileext`) USING BTREE
) ENGINE=InnoDB AUTO_INCREMENT=132 DEFAULT CHARSET=utf8mb4 COLLATE=utf8mb4_bin;

-- ----------------------------
-- Records of module_attachment
-- ----------------------------
INSERT INTO `module_attachment` VALUES ('2', '1', '0', 'test.mp3', '2019/0618/20190618020208675.mp3', '526398', 'mp3', '0', '1', '1560837727', '127.0.0.1', '-1', '14f4e0b0bb37f04380d21f07cdacc1e0', '1');
INSERT INTO `module_attachment` VALUES ('3', '1', '6', 'mongodb.xls', 'upload/91/mongodb.xls', '90972', 'xls', '24', '1', '1560838700', '127.0.0.1', '1', 'bee599f75d5b93c9135b3dacbfa89eeb', '1');
INSERT INTO `module_attachment` VALUES ('4', '1', '7', 'news2.zip', '2019/0618/20190618021933580.zip', '49132', 'zip', '0', '1', '1560838772', '127.0.0.1', '-1', '7cc253199593bdd0f730ab439caa3a67', '1');
INSERT INTO `module_attachment` VALUES ('5', '1', '8', 'news3.flv', '2019/0618/20190618022137273.flv', '62530', 'flv', '0', '1', '1560838896', '127.0.0.1', '-1', '8e11bb102a69d15ea1bca8777d42bc51', '1');
INSERT INTO `module_attachment` VALUES ('6', '1', '9', 'a4c768cb4af5b29f4082854063bf5c.jpg', 'upload/88/a4c768cb4af5b29f4082854063bf5c.jpg', '610647', 'jpg', '2', '1', '1560839005', '127.0.0.1', '1', 'c31e5b23dac2cf27f4a09d36d1b86fa7', '1');
INSERT INTO `module_attachment` VALUES ('7', '1', '10', '999.xlsx', '2019/0618/20190618022543583.jpg', '30726', 'xlsx', '0', '1', '1560839142', '127.0.0.1', '-1', 'b2aa724ff0bb5575ec18a79d6017b7f3', '1');
INSERT INTO `module_attachment` VALUES ('19', '1', '0', 'thumb.jpg', '/upload/8c/7b385d1bf176a0a208e1333908b7be.jpg', '2490', 'jpg', '0', '10000', '1592807480', '127.0.0.1', '0', '8c7b385d1bf176a0a208e1333908b7be', '0');

-- ----------------------------
-- Table structure for module_collect
-- ----------------------------
DROP TABLE IF EXISTS `module_collect`;
CREATE TABLE `module_collect` (
  `id` smallint(5) unsigned NOT NULL AUTO_INCREMENT,
  `name` varchar(100) NOT NULL COMMENT '采集任务名称',
  `url` varchar(100) NOT NULL COMMENT '采集的URL地址',
  `encode` char(10) NOT NULL COMMENT '编码',
  `description` varchar(255) NOT NULL COMMENT '任务描述',
  `replace_words` varchar(255) NOT NULL COMMENT '要替换的关键字',
  `range_list` varchar(100) NOT NULL,
  `pagesize_start` tinyint(3) NOT NULL DEFAULT '1' COMMENT '列表页面开始位置',
  `pagesize_end` mediumint(8) NOT NULL COMMENT '列表页面结束位置',
  `title_selector` char(100) NOT NULL COMMENT '文章标题规则',
  `title_attr` char(50) NOT NULL COMMENT '文章标题标签属性',
  `title_filter` varchar(255) NOT NULL COMMENT '标题过滤',
  `seo_keywords_selector` char(100) NOT NULL,
  `seo_keywords_attr` char(50) NOT NULL,
  `seo_keywords_filter` varchar(255) NOT NULL,
  `seo_description_selector` char(100) NOT NULL,
  `seo_description_attr` char(50) NOT NULL,
  `seo_description_filter` varchar(255) NOT NULL,
  `thumb_selector` char(100) NOT NULL COMMENT '缩略图规则',
  `thumb_attr` char(50) NOT NULL COMMENT '缩略图标签属性',
  `thumb_filter` varchar(255) NOT NULL,
  `page_url_selector` char(100) NOT NULL COMMENT '详情页链接规则',
  `page_url_attr` char(50) NOT NULL COMMENT '详情页链接标签属性',
  `page_url_filter` varchar(255) NOT NULL,
  `author_selector` char(100) NOT NULL COMMENT '作者规则',
  `author_attr` char(50) NOT NULL COMMENT '作者标签属性',
  `author_filter` varchar(255) NOT NULL,
  `comefrom_selector` char(100) NOT NULL COMMENT '来源规则',
  `comefrom_attr` char(50) NOT NULL COMMENT '来源标签属性',
  `comefrom_filter` varchar(255) NOT NULL,
  `time_selector` char(100) NOT NULL COMMENT '发布时间规则',
  `time_attr` char(50) NOT NULL COMMENT '发布时间标签属性',
  `time_filter` varchar(255) NOT NULL,
  `description_selector` char(100) NOT NULL,
  `description_attr` char(50) NOT NULL,
  `description_filter` varchar(255) NOT NULL,
  `content_selector` char(100) NOT NULL COMMENT '文章内容规则',
  `content_attr` char(50) NOT NULL COMMENT '文章内容标签属性',
  `content_filter` varchar(255) NOT NULL COMMENT '采集的内容需要移除的标签',
  `custom_config` text NOT NULL COMMENT '自定义规则',
  `auto_description_length` smallint(3) NOT NULL COMMENT '自动摘要字符串长度',
  `is_filter_url` tinyint(1) NOT NULL DEFAULT '1' COMMENT '是否过滤采集原站URL地址',
  `is_auto_description` tinyint(1) NOT NULL DEFAULT '1' COMMENT '是否自动摘要',
  `is_first_img` tinyint(1) NOT NULL DEFAULT '1' COMMENT '是否提取内容第一张图片为缩略图',
  `is_download_img` tinyint(1) NOT NULL DEFAULT '1' COMMENT '是否下载远程图片到本地',
  `is_watermark_img` tinyint(1) NOT NULL DEFAULT '1' COMMENT '是否给下载的图片添加水印',
  `is_keep_origin` tinyint(1) NOT NULL DEFAULT '0' COMMENT '是否保留原站信息',
  `create_at` timestamp NOT NULL DEFAULT CURRENT_TIMESTAMP ON UPDATE CURRENT_TIMESTAMP COMMENT '任务创建时间',
  `is_deleted` tinyint(1) NOT NULL DEFAULT '0' COMMENT '删除状态(0未删除,1已删除)',
  PRIMARY KEY (`id`)
) ENGINE=InnoDB AUTO_INCREMENT=3 DEFAULT CHARSET=utf8mb4;

-- ----------------------------
-- Records of module_collect
-- ----------------------------
INSERT INTO `module_collect` VALUES ('1', '采集PHP中文网', 'https://www.php.cn/toutiao.html?p={page}', 'UTF-8', '采集PHP中文网', 'php中文网|jhphpcms\r\nPHP头条|jhphpcms头条', '.article-list ul', '1', '1', 'h2>a', 'text', '', 'meta[name=keywords]', 'content', '', 'meta[name=description]', 'content', '', '.ar-img>a>img', 'src', '', 'h2>a', 'href', '', '', 'text', '', '', 'text', '', '.ar-span>span:eq(1)', 'text', '-i', '.info', 'text', '', '.content', 'html', '-.share -.tags -.page -blockquote:last -blockquote:first -img:last', '', '200', '1', '1', '1', '1', '1', '0', '2020-07-09 11:31:55', '0');
INSERT INTO `module_collect` VALUES ('2', '采集PHP博客文章', 'https://www.liqingbo.cn/news/list-1.html?cid=1&page={page}', 'UTF-8', '', 'PHP博客|jhphpcms博客', '.bloglist li', '1', '1', 'h2>a', 'text', '', 'meta[name=keywords]', 'content', '', 'meta[name=description]', 'content', '', '', 'src', '', 'h2>a', 'href', '', '.bloginfo>span:eq(0)', 'text', '', '', 'text', '', '.bloginfo>span:eq(1)', 'text', '', '', '', '', '#answer', 'html', '', '', '200', '1', '1', '1', '1', '1', '0', '2020-07-09 16:21:53', '0');

-- ----------------------------
-- Table structure for module_collect_data
-- ----------------------------
DROP TABLE IF EXISTS `module_collect_data`;
CREATE TABLE `module_collect_data` (
  `id` int(10) unsigned NOT NULL AUTO_INCREMENT,
  `collect_id` smallint(5) NOT NULL,
  `title` varchar(255) NOT NULL,
  `url` varchar(255) NOT NULL COMMENT '采集原站URL地址',
  `content` text NOT NULL,
  `seo_keywords` varchar(255) NOT NULL,
  `seo_description` varchar(255) NOT NULL,
  `description` varchar(255) NOT NULL,
  `thumb` varchar(255) NOT NULL,
  `author` char(50) NOT NULL,
  `comefrom` char(50) NOT NULL,
  `time` char(30) NOT NULL,
  PRIMARY KEY (`id`)
) ENGINE=InnoDB AUTO_INCREMENT=949 DEFAULT CHARSET=utf8mb4;

-- ----------------------------
-- Records of module_collect_data
-- ----------------------------

-- ----------------------------
-- Table structure for module_collect_job
-- ----------------------------
DROP TABLE IF EXISTS `module_collect_job`;
CREATE TABLE `module_collect_job` (
  `id` smallint(5) unsigned NOT NULL AUTO_INCREMENT,
  `collect_id` smallint(5) NOT NULL COMMENT '采集任务ID',
  `catid` int(10) NOT NULL COMMENT '栏目ID',
  `records` int(10) NOT NULL DEFAULT '0' COMMENT '导入的记录数',
  `status` smallint(3) NOT NULL COMMENT '完成状态',
  `create_at` timestamp NOT NULL DEFAULT '0000-00-00 00:00:00' ON UPDATE CURRENT_TIMESTAMP COMMENT '任务创建时间',
  PRIMARY KEY (`id`)
) ENGINE=MyISAM AUTO_INCREMENT=6 DEFAULT CHARSET=utf8mb4;

-- ----------------------------
-- Records of module_collect_job
-- ----------------------------
INSERT INTO `module_collect_job` VALUES ('5', '2', '24', '10', '1', '2020-07-09 16:37:56');

-- ----------------------------
-- Table structure for module_diy_config
-- ----------------------------
DROP TABLE IF EXISTS `module_diy_config`;
CREATE TABLE `module_diy_config` (
  `id` int(10) unsigned NOT NULL AUTO_INCREMENT,
  `key` varchar(100) CHARACTER SET utf8mb4 NOT NULL,
  `value` varchar(500) CHARACTER SET utf8mb4 NOT NULL DEFAULT '',
  `value_type` varchar(10) CHARACTER SET utf8mb4 DEFAULT NULL,
  `description` varchar(255) CHARACTER SET utf8mb4 DEFAULT NULL COMMENT '描述',
  `is_deleted` tinyint(1) NOT NULL DEFAULT '0' COMMENT 'is_deleted',
  PRIMARY KEY (`id`)
) ENGINE=InnoDB AUTO_INCREMENT=12 DEFAULT CHARSET=utf8mb4 COLLATE=utf8mb4_bin;

-- ----------------------------
-- Records of module_diy_config
-- ----------------------------
INSERT INTO `module_diy_config` VALUES ('1', 'BUY_VIP_YEAR_MONEY', '2000', 'single', '网吧购买VIP包年所需金额(单位元)', '0');
INSERT INTO `module_diy_config` VALUES ('2', 'SPEED_C_PLUG_DEFAULT', 'onebuy_bus:0\r\nlol_bus:1\r\nsynthesize:0\r\nspeed_game:1\r\nqad_bus:1\r\nlolAD_bus:0\r\ndevil_bus:1', 'many', '加速器C端插件版默认开启版本', '0');
INSERT INTO `module_diy_config` VALUES ('3', 'TESHU_CHANNEL_PAYBACK', '10', 'single', '特殊渠道分成返现(单位元)', '0');
INSERT INTO `module_diy_config` VALUES ('4', 'QUDAO_CHANNEL_PAYBACK', '0:55\r\n50:65\r\n100:70', 'many', '渠道商分成返现比例(一行一个级别[推广网吧当前活跃数],达到一个级别超出部分用新的比例[百分比数字]计算,级别和比例用“:”分隔)', '1');
INSERT INTO `module_diy_config` VALUES ('5', 'BROWSER_HOME_URL_DEFAULT', 'baidu2zzz', 'single', '浏览器业务之首页默认值（如：baidu）', '0');
INSERT INTO `module_diy_config` VALUES ('6', 'DOCK_SERVICE', 'dock_alliance:1\r\ndock_qad:1\r\ndock_desktop:1\r\ndock_browser:1\r\ndock_speed:1\r\ndock_speed_desktop:1\r\ndock_speed_attach:1', 'many', 'Dock业务之服务开关', '0');
INSERT INTO `module_diy_config` VALUES ('7', 'LH_BROWSER_HOME_URL_DEFAULT', 'sougoudaohang', 'single', '领航浏览器业务之首页默认值（如：baidu）', '0');
INSERT INTO `module_diy_config` VALUES ('8', 'QUDAO_CHANNEL_PAYBACK', '0:55\r\n50:65\r\n100:70', 'many', '渠道商分成返现比例(一行一个级别[推广网吧当前活跃数],达到一个级别超出部分用新的比例[百分比数字]计算,级别和比例用“:”分隔)', '1');
INSERT INTO `module_diy_config` VALUES ('10', 'TAX', '6', 'single', '税点，6%', '0');
INSERT INTO `module_diy_config` VALUES ('11', 'IS_DEL', '是:1\r\n否:0', 'many', '是否选项', '0');

-- ----------------------------
-- Table structure for module_diy_field
-- ----------------------------
DROP TABLE IF EXISTS `module_diy_field`;
CREATE TABLE `module_diy_field` (
  `id` mediumint(8) unsigned NOT NULL AUTO_INCREMENT,
  `typeid` tinyint(2) NOT NULL DEFAULT '0' COMMENT '自定义表单类型0为留言系统',
  `field` varchar(20) COLLATE utf8mb4_bin NOT NULL COMMENT '数据表字段名',
  `title` varchar(30) COLLATE utf8mb4_bin NOT NULL COMMENT '页面展示字段名称',
  `minlength` int(10) unsigned NOT NULL DEFAULT '0' COMMENT '字段最大值',
  `maxlength` int(10) unsigned NOT NULL DEFAULT '0' COMMENT '字段最小值',
  `formtype` varchar(20) COLLATE utf8mb4_bin NOT NULL COMMENT '字段类型',
  `setting` mediumtext COLLATE utf8mb4_bin NOT NULL COMMENT '字段设置信息',
  `isbase` tinyint(1) NOT NULL DEFAULT '1' COMMENT '是否作为基本信息 该信息将在添加页面左侧显示',
  `isshow` tinyint(1) NOT NULL DEFAULT '1' COMMENT '是否显示(1显示0不显示)',
  `issystem` tinyint(1) NOT NULL COMMENT '是否为系统字段',
  `disabled` tinyint(1) NOT NULL COMMENT '是否禁用',
  `sort` mediumint(8) unsigned NOT NULL DEFAULT '0' COMMENT '排序',
  `create_at` timestamp NOT NULL DEFAULT CURRENT_TIMESTAMP,
  PRIMARY KEY (`id`),
  KEY `field` (`field`) USING BTREE
) ENGINE=InnoDB AUTO_INCREMENT=11 DEFAULT CHARSET=utf8mb4 COLLATE=utf8mb4_bin COMMENT='cms 自定义字段';

-- ----------------------------
-- Records of module_diy_field
-- ----------------------------
INSERT INTO `module_diy_field` VALUES ('2', '3', 'username', '姓名', '0', '0', 'text', 0x7B2274697073223A225C75386266375C75386639335C75353136355C75353964335C7535343064222C227769647468223A22313030222C226D696E223A2231222C226368617274797065223A2263686172222C226C656E677468223A223230222C2269735F70617373776F7264223A2230227D, '1', '1', '1', '0', '1', '2020-07-10 14:31:13');
INSERT INTO `module_diy_field` VALUES ('3', '3', 'phone', '电话', '0', '0', 'text', 0x7B2274697073223A225C75386266375C75386639335C75353136355C75373533355C7538626464222C226D696E223A2231222C226368617274797065223A2263686172222C226C656E677468223A223131222C2269735F70617373776F7264223A2230222C227061747465726E223A225C2F5E2831295B302D395D7B31307D245C2F227D, '1', '1', '1', '0', '2', '2020-07-10 14:32:42');
INSERT INTO `module_diy_field` VALUES ('4', '3', 'email', '邮箱', '0', '0', 'text', 0x7B2274697073223A225C75386266375C75386639335C75353136355C75393061655C7537626231222C226D696E223A2231222C226368617274797065223A2263686172222C226C656E677468223A223530222C2269735F70617373776F7264223A2230222C227061747465726E223A225C2F5E5B5C5C775C5C2D5C5C2E5D2B405B5C5C775C5C2D5C5C2E5D2B285C5C2E5C5C772B292B245C2F227D, '1', '1', '1', '0', '3', '2020-07-10 14:33:14');
INSERT INTO `module_diy_field` VALUES ('5', '3', 'title', '留言标题', '0', '0', 'text', 0x7B2274697073223A225C75386266375C75386639335C75353136355C75373535395C75386130305C75363830375C7539383938222C226D696E223A2230222C226368617274797065223A2276617263686172222C226C656E677468223A22313030222C2269735F70617373776F7264223A2230227D, '1', '1', '1', '0', '4', '2020-07-10 14:33:44');
INSERT INTO `module_diy_field` VALUES ('6', '3', 'content', '留言内容', '0', '0', 'text', 0x7B226D696E223A2230222C226368617274797065223A2276617263686172222C226C656E677468223A22323535222C2269735F70617373776F7264223A2230227D, '1', '1', '1', '0', '5', '2020-07-10 14:34:01');
INSERT INTO `module_diy_field` VALUES ('7', '3', 'status', '状态', '0', '0', 'text', 0x7B226D696E223A2230222C226368617274797065223A2274696E79696E74222C226C656E677468223A2231222C2264656661756C7476616C7565223A2230222C2269735F70617373776F7264223A2230227D, '1', '0', '1', '0', '6', '2020-07-10 14:34:34');
INSERT INTO `module_diy_field` VALUES ('8', '3', 'create_at', '提交时间', '0', '0', 'datetime', 0x7B227769647468223A22313030222C22637373223A226C617975692D696E707574222C226D696E223A2231222C226368617274797065223A22696E74222C226C656E677468223A223130227D, '1', '0', '1', '0', '7', '2020-07-10 14:35:33');
INSERT INTO `module_diy_field` VALUES ('9', '3', 'ip', 'IP地址', '0', '0', 'text', 0x7B226D696E223A2230222C226368617274797065223A2276617263686172222C226C656E677468223A223135222C2269735F70617373776F7264223A2230227D, '1', '0', '1', '0', '8', '2020-07-10 14:36:10');
INSERT INTO `module_diy_field` VALUES ('10', '3', 'is_deleted', '是否删除', '0', '0', 'text', 0x7B226D696E223A2230222C226368617274797065223A2274696E79696E74222C226C656E677468223A2231222C2269735F70617373776F7264223A2230227D, '1', '0', '1', '0', '9', '2020-07-10 14:36:53');

-- ----------------------------
-- Table structure for module_diy_form
-- ----------------------------
DROP TABLE IF EXISTS `module_diy_form`;
CREATE TABLE `module_diy_form` (
  `id` smallint(5) unsigned NOT NULL AUTO_INCREMENT,
  `name` varchar(100) NOT NULL COMMENT '表单名称',
  `tablename` char(30) NOT NULL COMMENT '表单对应的表',
  `description` varchar(255) NOT NULL COMMENT '描述',
  `issystem` tinyint(1) NOT NULL COMMENT '是否为系统功能',
  `create_at` int(10) NOT NULL COMMENT '表单创建时间',
  PRIMARY KEY (`id`)
) ENGINE=InnoDB AUTO_INCREMENT=5 DEFAULT CHARSET=utf8mb4 COMMENT='module 自定义表单';

-- ----------------------------
-- Records of module_diy_form
-- ----------------------------
INSERT INTO `module_diy_form` VALUES ('3', '在线留言', 'module_message', '在线留言', '1', '1594352442');
INSERT INTO `module_diy_form` VALUES ('4', '在线报名', 'baoming', '在线报名', '0', '1594352442');

-- ----------------------------
-- Table structure for module_link
-- ----------------------------
DROP TABLE IF EXISTS `module_link`;
CREATE TABLE `module_link` (
  `id` int(10) unsigned NOT NULL AUTO_INCREMENT,
  `name` varchar(100) COLLATE utf8mb4_bin NOT NULL COMMENT '链接标题',
  `url` varchar(255) COLLATE utf8mb4_bin NOT NULL COMMENT '链接URL',
  `thumb` varchar(255) COLLATE utf8mb4_bin NOT NULL COMMENT '链接图片',
  `webmaster` varchar(30) COLLATE utf8mb4_bin NOT NULL COMMENT '站长名称',
  `tel` char(11) COLLATE utf8mb4_bin NOT NULL COMMENT '站长电话',
  `email` varchar(100) COLLATE utf8mb4_bin NOT NULL COMMENT '站长邮箱',
  `description` varchar(255) COLLATE utf8mb4_bin NOT NULL COMMENT '描述',
  `sort` int(10) NOT NULL COMMENT '排序',
  `is_deleted` tinyint(1) NOT NULL COMMENT '是否删除(1删除,0未删)',
  `create_at` timestamp NOT NULL DEFAULT CURRENT_TIMESTAMP ON UPDATE CURRENT_TIMESTAMP COMMENT '创建时间',
  PRIMARY KEY (`id`),
  KEY `title` (`name`) USING BTREE,
  KEY `url` (`url`(191)) USING BTREE,
  KEY `is_deleted` (`is_deleted`) USING BTREE
) ENGINE=InnoDB AUTO_INCREMENT=3 DEFAULT CHARSET=utf8mb4 COLLATE=utf8mb4_bin;

-- ----------------------------
-- Records of module_link
-- ----------------------------
INSERT INTO `module_link` VALUES ('1', '百度2', 'https://www.baidu.com.cn/', '', '张三2', '15124526524', 'faq@jhphpcms.com', '站点描述new', '1', '0', '2020-06-30 14:15:44');
INSERT INTO `module_link` VALUES ('2', '新浪', 'https://www.sina.com.cn/', 'upload/88/a4c768cb4af5b29f4082854063bf5c.jpg', '李四', '15142542542', 'link@sina.com.cn', '新浪站点描述', '2', '0', '2020-06-30 14:23:33');

-- ----------------------------
-- Table structure for module_message
-- ----------------------------
DROP TABLE IF EXISTS `module_message`;
CREATE TABLE `module_message` (
  `id` int(10) unsigned NOT NULL AUTO_INCREMENT,
  `username` char(20) NOT NULL COMMENT '姓名',
  `phone` char(11) NOT NULL COMMENT '电话',
  `email` varchar(50) NOT NULL COMMENT '邮箱',
  `title` varchar(100) NOT NULL COMMENT '留言标题',
  `content` varchar(255) NOT NULL COMMENT '留言内容',
  `status` tinyint(1) NOT NULL COMMENT '状态',
  `create_at` int(10) NOT NULL COMMENT '提交时间',
  `ip` varchar(15) NOT NULL COMMENT 'IP地址',
  `is_deleted` tinyint(1) NOT NULL COMMENT '是否删除(1删除,0未删)',
  PRIMARY KEY (`id`)
) ENGINE=InnoDB AUTO_INCREMENT=2 DEFAULT CHARSET=utf8mb4 COMMENT='module 在线留言';

-- ----------------------------
-- Records of module_message
-- ----------------------------
INSERT INTO `module_message` VALUES ('1', '张三', '15124523625', '45125@qq.com', '测试留言', '测试留言内容', '1', '1592558159', '127.0.0.1', '0');

-- ----------------------------
-- Table structure for system_auth
-- ----------------------------
DROP TABLE IF EXISTS `system_auth`;
CREATE TABLE `system_auth` (
  `id` bigint(20) unsigned NOT NULL AUTO_INCREMENT,
  `title` varchar(100) DEFAULT '' COMMENT '权限名称',
  `desc` varchar(500) DEFAULT '' COMMENT '备注说明',
  `sort` bigint(20) unsigned DEFAULT '0' COMMENT '排序权重',
  `status` tinyint(1) unsigned DEFAULT '1' COMMENT '权限状态(1使用,0禁用)',
  `create_at` timestamp NULL DEFAULT CURRENT_TIMESTAMP COMMENT '创建时间',
  PRIMARY KEY (`id`) USING BTREE,
  KEY `idx_system_auth_title` (`title`) USING BTREE,
  KEY `idx_system_auth_status` (`status`) USING BTREE
) ENGINE=InnoDB AUTO_INCREMENT=2 DEFAULT CHARSET=utf8mb4 COMMENT='系统-权限';

-- ----------------------------
-- Records of system_auth
-- ----------------------------
INSERT INTO `system_auth` VALUES ('1', '编辑', '网站编辑', '0', '1', '2020-05-20 11:57:18');

-- ----------------------------
-- Table structure for system_auth_node
-- ----------------------------
DROP TABLE IF EXISTS `system_auth_node`;
CREATE TABLE `system_auth_node` (
  `id` bigint(20) unsigned NOT NULL AUTO_INCREMENT,
  `auth` bigint(20) unsigned DEFAULT '0' COMMENT '角色',
  `node` varchar(200) DEFAULT '' COMMENT '节点',
  PRIMARY KEY (`id`) USING BTREE,
  KEY `idx_system_auth_auth` (`auth`) USING BTREE,
  KEY `idx_system_auth_node` (`node`(191)) USING BTREE
) ENGINE=InnoDB DEFAULT CHARSET=utf8mb4 COMMENT='系统-授权';

-- ----------------------------
-- Records of system_auth_node
-- ----------------------------

-- ----------------------------
-- Table structure for system_config
-- ----------------------------
DROP TABLE IF EXISTS `system_config`;
CREATE TABLE `system_config` (
  `type` varchar(20) DEFAULT '' COMMENT '分类',
  `name` varchar(100) DEFAULT '' COMMENT '配置名',
  `value` varchar(500) DEFAULT '' COMMENT '配置值',
  KEY `idx_system_config_type` (`type`) USING BTREE,
  KEY `idx_system_config_name` (`name`) USING BTREE
) ENGINE=InnoDB DEFAULT CHARSET=utf8mb4 COMMENT='系统-配置';

-- ----------------------------
-- Records of system_config
-- ----------------------------
INSERT INTO `system_config` VALUES ('base', 'site_name', 'ThinkAdmin');
INSERT INTO `system_config` VALUES ('base', 'site_icon', 'https://v6.thinkadmin.top/upload/f47b8fe06e38ae99/08e8398da45583b9.png');
INSERT INTO `system_config` VALUES ('base', 'site_copy', '©版权所有 2019-2020 楚才科技');
INSERT INTO `system_config` VALUES ('base', 'app_name', 'ThinkAdmin');
INSERT INTO `system_config` VALUES ('base', 'app_version', 'v6.0');
INSERT INTO `system_config` VALUES ('base', 'miitbeian', '粤ICP备16006642号-2');
INSERT INTO `system_config` VALUES ('storage', 'qiniu_http_protocol', 'http');
INSERT INTO `system_config` VALUES ('storage', 'type', 'local');
INSERT INTO `system_config` VALUES ('storage', 'allow_exts', 'doc,gif,icon,jpg,mp3,mp4,p12,pem,png,rar,txt,xls,xlsx');
INSERT INTO `system_config` VALUES ('storage', 'qiniu_region', '华东');
INSERT INTO `system_config` VALUES ('storage', 'qiniu_bucket', '');
INSERT INTO `system_config` VALUES ('storage', 'qiniu_http_domain', '');
INSERT INTO `system_config` VALUES ('storage', 'qiniu_access_key', '');
INSERT INTO `system_config` VALUES ('storage', 'qiniu_secret_key', '');
INSERT INTO `system_config` VALUES ('wechat', 'type', 'api');
INSERT INTO `system_config` VALUES ('wechat', 'token', '');
INSERT INTO `system_config` VALUES ('wechat', 'appid', '');
INSERT INTO `system_config` VALUES ('wechat', 'appsecret', '');
INSERT INTO `system_config` VALUES ('wechat', 'encodingaeskey', '');
INSERT INTO `system_config` VALUES ('wechat', 'thr_appid', '');
INSERT INTO `system_config` VALUES ('wechat', 'thr_appkey', '');
INSERT INTO `system_config` VALUES ('wechat', 'mch_id', '');
INSERT INTO `system_config` VALUES ('wechat', 'mch_key', '');
INSERT INTO `system_config` VALUES ('wechat', 'mch_ssl_type', 'pem');
INSERT INTO `system_config` VALUES ('wechat', 'mch_ssl_p12', '');
INSERT INTO `system_config` VALUES ('wechat', 'mch_ssl_key', '');
INSERT INTO `system_config` VALUES ('wechat', 'mch_ssl_cer', '');
INSERT INTO `system_config` VALUES ('storage', 'alioss_http_protocol', 'http');
INSERT INTO `system_config` VALUES ('storage', 'alioss_point', 'oss-cn-hangzhou.aliyuncs.com');
INSERT INTO `system_config` VALUES ('storage', 'alioss_bucket', '');
INSERT INTO `system_config` VALUES ('storage', 'alioss_http_domain', '');
INSERT INTO `system_config` VALUES ('storage', 'alioss_access_key', '');
INSERT INTO `system_config` VALUES ('storage', 'alioss_secret_key', '');
INSERT INTO `system_config` VALUES ('storage', 'link_type', 'none');
INSERT INTO `system_config` VALUES ('storage', 'local_http_protocol', 'http');
INSERT INTO `system_config` VALUES ('badword', 'is_open', '1');
INSERT INTO `system_config` VALUES ('badword', 'file', 'badword.txt|11424|upload/25/ca25e92932a519b2c885da76ae8da3.txt');
INSERT INTO `system_config` VALUES ('badword', 'replace', '*#');
INSERT INTO `system_config` VALUES ('smtp', 'server', 'smtp.wwwscn.com');
INSERT INTO `system_config` VALUES ('smtp', 'port', '25');
INSERT INTO `system_config` VALUES ('smtp', 'senduser', 'jiangh@wwwscn.com');
INSERT INTO `system_config` VALUES ('smtp', 'passwd', 'QiA9BVs2JC88UhMffRs=');
INSERT INTO `system_config` VALUES ('smtp', 'is_open', '1');
INSERT INTO `system_config` VALUES ('base', 'testuser', '');
INSERT INTO `system_config` VALUES ('base', 'site_url', 'http://www.jhphpcms.com/');
INSERT INTO `system_config` VALUES ('base', 'xpath', 'admin');
INSERT INTO `system_config` VALUES ('base', 'beian', '');

-- ----------------------------
-- Table structure for system_data
-- ----------------------------
DROP TABLE IF EXISTS `system_data`;
CREATE TABLE `system_data` (
  `id` bigint(11) unsigned NOT NULL AUTO_INCREMENT,
  `name` varchar(100) DEFAULT '' COMMENT '配置名',
  `value` longtext COMMENT '配置值',
  PRIMARY KEY (`id`) USING BTREE,
  KEY `idx_system_data_name` (`name`) USING BTREE
) ENGINE=InnoDB DEFAULT CHARSET=utf8mb4 COMMENT='系统-数据';

-- ----------------------------
-- Records of system_data
-- ----------------------------

-- ----------------------------
-- Table structure for system_menu
-- ----------------------------
DROP TABLE IF EXISTS `system_menu`;
CREATE TABLE `system_menu` (
  `id` bigint(20) unsigned NOT NULL AUTO_INCREMENT,
  `pid` bigint(20) unsigned DEFAULT '0' COMMENT '上级ID',
  `title` varchar(100) DEFAULT '' COMMENT '菜单名称',
  `icon` varchar(100) DEFAULT '' COMMENT '菜单图标',
  `node` varchar(100) DEFAULT '' COMMENT '节点代码',
  `url` varchar(400) DEFAULT '' COMMENT '链接节点',
  `params` varchar(500) DEFAULT '' COMMENT '链接参数',
  `target` varchar(20) DEFAULT '_self' COMMENT '打开方式',
  `sort` int(11) unsigned DEFAULT '0' COMMENT '排序权重',
  `status` tinyint(1) unsigned DEFAULT '1' COMMENT '状态(0:禁用,1:启用)',
  `create_at` timestamp NULL DEFAULT CURRENT_TIMESTAMP COMMENT '创建时间',
  PRIMARY KEY (`id`) USING BTREE,
  KEY `idx_system_menu_node` (`node`) USING BTREE,
  KEY `idx_system_menu_status` (`status`) USING BTREE
) ENGINE=InnoDB AUTO_INCREMENT=101 DEFAULT CHARSET=utf8mb4 COMMENT='系统-菜单';

-- ----------------------------
-- Records of system_menu
-- ----------------------------
INSERT INTO `system_menu` VALUES ('2', '0', '系统管理', '', '', '#', '', '_self', '100', '1', '2018-09-05 18:04:52');
INSERT INTO `system_menu` VALUES ('3', '4', '系统菜单管理', 'layui-icon layui-icon-layouts', '', 'admin/menu/index', '', '_self', '1', '1', '2018-09-05 18:05:26');
INSERT INTO `system_menu` VALUES ('4', '2', '系统配置', '', '', '#', '', '_self', '20', '1', '2018-09-05 18:07:17');
INSERT INTO `system_menu` VALUES ('5', '12', '系统用户管理', 'layui-icon layui-icon-username', '', 'admin/user/index', '', '_self', '1', '1', '2018-09-06 11:10:42');
INSERT INTO `system_menu` VALUES ('7', '12', '访问权限管理', 'layui-icon layui-icon-vercode', '', 'admin/auth/index', '', '_self', '2', '1', '2018-09-06 15:17:14');
INSERT INTO `system_menu` VALUES ('11', '4', '系统参数配置', 'layui-icon layui-icon-set', '', 'admin/config/index', '', '_self', '4', '1', '2018-09-06 16:43:47');
INSERT INTO `system_menu` VALUES ('12', '2', '权限管理', '', '', '#', '', '_self', '10', '1', '2018-09-06 18:01:31');
INSERT INTO `system_menu` VALUES ('27', '4', '系统任务管理', 'layui-icon layui-icon-log', '', 'admin/queue/index', '', '_self', '3', '1', '2018-11-29 11:13:34');
INSERT INTO `system_menu` VALUES ('49', '4', '系统日志管理', 'layui-icon layui-icon-form', '', 'admin/oplog/index', '', '_self', '2', '1', '2019-02-18 12:56:56');
INSERT INTO `system_menu` VALUES ('56', '0', '微信管理', '', '', '#', '', '_self', '200', '0', '2019-12-09 11:00:37');
INSERT INTO `system_menu` VALUES ('57', '56', '微信管理', '', '', '#', '', '_self', '0', '0', '2019-12-09 13:56:58');
INSERT INTO `system_menu` VALUES ('58', '57', '微信接口配置', 'layui-icon layui-icon-set', '', 'wechat/config/options', '', '_self', '0', '0', '2019-12-09 13:57:28');
INSERT INTO `system_menu` VALUES ('59', '57', '微信支付配置', 'layui-icon layui-icon-rmb', '', 'wechat/config/payment', '', '_self', '0', '0', '2019-12-09 13:58:42');
INSERT INTO `system_menu` VALUES ('60', '56', '微信定制', '', '', '#', '', '_self', '0', '0', '2019-12-09 18:35:16');
INSERT INTO `system_menu` VALUES ('61', '60', '微信粉丝管理', 'layui-icon layui-icon-username', '', 'wechat/fans/index', '', '_self', '0', '0', '2019-12-09 18:35:37');
INSERT INTO `system_menu` VALUES ('62', '60', '微信图文管理', 'layui-icon layui-icon-template-1', '', 'wechat/news/index', '', '_self', '0', '0', '2019-12-09 18:43:51');
INSERT INTO `system_menu` VALUES ('63', '60', '微信菜单配置', 'layui-icon layui-icon-cellphone', '', 'wechat/menu/index', '', '_self', '0', '0', '2019-12-09 22:49:28');
INSERT INTO `system_menu` VALUES ('64', '60', '回复规则管理', 'layui-icon layui-icon-engine', '', 'wechat/keys/index', '', '_self', '0', '0', '2019-12-14 14:09:04');
INSERT INTO `system_menu` VALUES ('65', '60', '关注回复配置', 'layui-icon layui-icon-senior', '', 'wechat/keys/subscribe', '', '_self', '0', '0', '2019-12-14 14:10:31');
INSERT INTO `system_menu` VALUES ('66', '60', '默认回复配置', 'layui-icon layui-icon-util', '', 'wechat/keys/defaults', '', '_self', '0', '0', '2019-12-14 14:11:18');
INSERT INTO `system_menu` VALUES ('67', '0', '模块管理', 'layui-icon layui-icon-read', '', '#', '', '_self', '0', '1', '2020-05-19 09:46:21');
INSERT INTO `system_menu` VALUES ('68', '67', '友情链接', 'layui-icon layui-icon-link', '', 'module/link/index', '', '_self', '0', '1', '2020-05-19 09:46:45');
INSERT INTO `system_menu` VALUES ('69', '0', 'CMS管理', '', '', '#', '', '_self', '0', '1', '2020-05-20 09:06:57');
INSERT INTO `system_menu` VALUES ('71', '69', '内容管理', 'layui-icon layui-icon-file', '', 'cms/content/index', '', '_self', '0', '1', '2020-05-20 09:09:14');
INSERT INTO `system_menu` VALUES ('72', '69', '栏目管理', 'layui-icon layui-icon-template-1', '', 'cms/category/index', '', '_self', '0', '1', '2020-05-20 09:09:46');
INSERT INTO `system_menu` VALUES ('73', '69', '模型管理', '', '', '#', '', '_self', '0', '1', '2020-05-20 09:11:07');
INSERT INTO `system_menu` VALUES ('74', '69', '标签管理', 'layui-icon layui-icon-rate', '', 'cms/tag/index', '', '_self', '0', '1', '2020-05-20 09:11:32');
INSERT INTO `system_menu` VALUES ('75', '69', '碎片管理', 'layui-icon layui-icon-app', '', 'cms/block/index', '', '_self', '0', '1', '2020-05-20 09:12:38');
INSERT INTO `system_menu` VALUES ('76', '69', '单页管理', 'layui-icon layui-icon-form', '', 'cms/page/index', '', '_self', '0', '1', '2020-05-20 09:13:16');
INSERT INTO `system_menu` VALUES ('77', '69', '评论管理', 'layui-icon layui-icon-align-center', '', 'cms/comment/index', '', '_self', '0', '1', '2020-05-20 09:15:41');
INSERT INTO `system_menu` VALUES ('78', '69', '推荐位管理', 'layui-icon layui-icon-praise', '', 'cms/recommend/index', '', '_self', '0', '1', '2020-05-20 09:21:41');
INSERT INTO `system_menu` VALUES ('79', '67', '广告管理', '', '', '#', '', '_self', '0', '1', '2020-05-20 09:28:40');
INSERT INTO `system_menu` VALUES ('80', '67', '通用配置管理', 'layui-icon layui-icon-set', '', 'module/config/index', '', '_self', '0', '1', '2020-05-20 09:29:12');
INSERT INTO `system_menu` VALUES ('81', '67', '采集管理', 'layui-icon layui-icon-screen-restore', '', 'module/collect/index', '', '_self', '0', '1', '2020-05-20 09:31:55');
INSERT INTO `system_menu` VALUES ('82', '67', '计划任务管理', 'fa fa-calendar', '', 'module/crontab/index', '', '_self', '0', '0', '2020-05-20 09:32:45');
INSERT INTO `system_menu` VALUES ('83', '67', '木马扫描', 'fa fa-stethoscope', '', 'module/trojan/index', '', '_self', '0', '0', '2020-05-20 09:35:42');
INSERT INTO `system_menu` VALUES ('84', '67', '附件管理', 'fa fa-truck', '', 'module/attachment/index', '', '_self', '0', '1', '2020-05-20 09:37:47');
INSERT INTO `system_menu` VALUES ('85', '0', '扩展管理', '', '', '#', '', '_self', '0', '1', '2020-05-20 09:38:29');
INSERT INTO `system_menu` VALUES ('86', '85', '数据库工具', 'fa fa-database', '', 'extension/database/index', '', '_self', '0', '1', '2020-05-20 10:26:38');
INSERT INTO `system_menu` VALUES ('87', '85', '关键字链接', 'layui-icon layui-icon-screen-restore', '', 'extension/keylink/index', '', '_self', '0', '1', '2020-05-20 10:28:03');
INSERT INTO `system_menu` VALUES ('89', '85', '联动菜单管理', 'fa fa-venus-double', '', 'extension/cascader/index', '', '_self', '0', '1', '2020-05-20 10:33:04');
INSERT INTO `system_menu` VALUES ('90', '67', '投票管理', 'fa fa-hand-grab-o', '', 'module/vote/index', '', '_self', '0', '0', '2020-05-20 10:39:54');
INSERT INTO `system_menu` VALUES ('92', '79', '广告位管理', 'fa fa-audio-description', '', 'module/advcat/index', '', '_self', '0', '1', '2020-05-20 12:05:01');
INSERT INTO `system_menu` VALUES ('93', '79', '广告管理', 'layui-icon layui-icon-picture', '', 'module/adv/index', '', '_self', '0', '1', '2020-05-20 12:05:19');
INSERT INTO `system_menu` VALUES ('94', '85', '流量统计', 'layui-icon layui-icon-chart', '', 'extension/flow/index', '', '_self', '0', '1', '2020-05-20 13:58:44');
INSERT INTO `system_menu` VALUES ('96', '73', '模型列表', 'layui-icon layui-icon-component', '', 'cms/model/index', '', '_self', '0', '1', '2020-05-26 10:28:02');
INSERT INTO `system_menu` VALUES ('97', '73', '基础模型字段配置', '', '', 'cms/base_model/index', '', '_self', '0', '1', '2020-05-26 10:28:53');
INSERT INTO `system_menu` VALUES ('98', '67', '留言管理', 'fa fa-commenting', '', 'module/message/index', '', '_self', '0', '1', '2020-07-10 09:38:45');
INSERT INTO `system_menu` VALUES ('99', '67', '自定义表单', 'fa fa-pencil', '', 'module/diyform/index', '', '_self', '0', '1', '2020-07-10 11:17:26');
INSERT INTO `system_menu` VALUES ('100', '67', '自定义表单字段管理', 'layui-icon layui-icon-survey', '', 'module/diyfield/index', '', '_self', '0', '1', '2020-07-10 11:48:16');

-- ----------------------------
-- Table structure for system_oplog
-- ----------------------------
DROP TABLE IF EXISTS `system_oplog`;
CREATE TABLE `system_oplog` (
  `id` bigint(20) unsigned NOT NULL AUTO_INCREMENT,
  `node` varchar(200) NOT NULL DEFAULT '' COMMENT '当前操作节点',
  `geoip` varchar(15) NOT NULL DEFAULT '' COMMENT '操作者IP地址',
  `action` varchar(200) NOT NULL DEFAULT '' COMMENT '操作行为名称',
  `content` varchar(1024) NOT NULL DEFAULT '' COMMENT '操作内容描述',
  `username` varchar(50) NOT NULL DEFAULT '' COMMENT '操作人用户名',
  `create_at` timestamp NOT NULL DEFAULT CURRENT_TIMESTAMP COMMENT '创建时间',
  PRIMARY KEY (`id`) USING BTREE
) ENGINE=InnoDB AUTO_INCREMENT=129 DEFAULT CHARSET=utf8mb4 COMMENT='系统-日志';

-- ----------------------------
-- Records of system_oplog
-- ----------------------------
INSERT INTO `system_oplog` VALUES ('1', 'admin/login/index', '127.0.0.1', '用户登录', '登录系统后台成功', 'admin', '2020-05-18 17:44:54');
INSERT INTO `system_oplog` VALUES ('2', 'admin/login/index', '127.0.0.1', '用户登录', '登录系统后台成功', 'admin', '2020-05-19 08:52:02');
INSERT INTO `system_oplog` VALUES ('3', 'admin/login/index', '127.0.0.1', '用户登录', '登录系统后台成功', 'admin', '2020-05-19 09:31:04');
INSERT INTO `system_oplog` VALUES ('4', 'admin/login/index', '127.0.0.1', '用户登录', '登录系统后台成功', 'admin', '2020-05-19 13:01:21');
INSERT INTO `system_oplog` VALUES ('5', 'admin/login/index', '127.0.0.1', '用户登录', '登录系统后台成功', 'admin', '2020-05-20 09:03:54');
INSERT INTO `system_oplog` VALUES ('6', 'admin/login/index', '127.0.0.1', '用户登录', '登录系统后台成功', 'admin', '2020-05-20 10:25:48');
INSERT INTO `system_oplog` VALUES ('7', 'admin/login/index', '127.0.0.1', '用户登录', '登录系统后台成功', 'admin', '2020-05-20 11:15:45');
INSERT INTO `system_oplog` VALUES ('8', 'admin/login/index', '127.0.0.1', '用户登录', '登录系统后台成功', 'admin', '2020-05-20 12:39:58');
INSERT INTO `system_oplog` VALUES ('9', 'admin/login/index', '127.0.0.1', '用户登录', '登录系统后台成功', 'admin', '2020-05-20 13:28:44');
INSERT INTO `system_oplog` VALUES ('10', 'admin/login/index', '127.0.0.1', '用户登录', '登录系统后台成功', 'admin', '2020-05-20 17:48:17');
INSERT INTO `system_oplog` VALUES ('11', 'admin/login/index', '127.0.0.1', '用户登录', '登录系统后台成功', 'admin', '2020-05-21 10:15:38');
INSERT INTO `system_oplog` VALUES ('12', 'admin/login/index', '127.0.0.1', '用户登录', '登录系统后台成功', 'admin', '2020-05-21 10:54:46');
INSERT INTO `system_oplog` VALUES ('13', 'admin/login/index', '127.0.0.1', '用户登录', '登录系统后台成功', 'admin', '2020-05-21 16:20:27');
INSERT INTO `system_oplog` VALUES ('14', 'admin/login/index', '127.0.0.1', '用户登录', '登录系统后台成功', 'admin', '2020-05-22 08:53:34');
INSERT INTO `system_oplog` VALUES ('15', 'admin/login/index', '127.0.0.1', '用户登录', '登录系统后台成功', 'admin', '2020-05-22 13:47:48');
INSERT INTO `system_oplog` VALUES ('16', 'admin/login/index', '127.0.0.1', '用户登录', '登录系统后台成功', 'admin', '2020-05-22 17:34:04');
INSERT INTO `system_oplog` VALUES ('17', 'admin/login/index', '127.0.0.1', '用户登录', '登录系统后台成功', 'admin', '2020-05-25 10:07:26');
INSERT INTO `system_oplog` VALUES ('18', 'admin/login/index', '127.0.0.1', '用户登录', '登录系统后台成功', 'admin', '2020-05-25 11:25:12');
INSERT INTO `system_oplog` VALUES ('19', 'admin/login/index', '127.0.0.1', '用户登录', '登录系统后台成功', 'admin', '2020-05-25 12:54:18');
INSERT INTO `system_oplog` VALUES ('20', 'admin/login/index', '127.0.0.1', '用户登录', '登录系统后台成功', 'admin', '2020-05-25 13:56:24');
INSERT INTO `system_oplog` VALUES ('21', 'admin/login/index', '127.0.0.1', '用户登录', '登录系统后台成功', 'admin', '2020-05-25 14:28:39');
INSERT INTO `system_oplog` VALUES ('22', 'admin/login/index', '127.0.0.1', '用户登录', '登录系统后台成功', 'admin', '2020-05-25 17:13:01');
INSERT INTO `system_oplog` VALUES ('23', 'admin/login/index', '127.0.0.1', '用户登录', '登录系统后台成功', 'admin', '2020-05-26 09:33:36');
INSERT INTO `system_oplog` VALUES ('24', 'admin/login/index', '127.0.0.1', '用户登录', '登录系统后台成功', 'admin', '2020-05-26 13:00:27');
INSERT INTO `system_oplog` VALUES ('25', 'admin/login/index', '127.0.0.1', '用户登录', '登录系统后台成功', 'admin', '2020-05-26 14:03:36');
INSERT INTO `system_oplog` VALUES ('26', 'admin/login/index', '127.0.0.1', '用户登录', '登录系统后台成功', 'admin', '2020-05-26 17:38:17');
INSERT INTO `system_oplog` VALUES ('27', 'admin/login/index', '127.0.0.1', '用户登录', '登录系统后台成功', 'admin', '2020-05-27 10:50:32');
INSERT INTO `system_oplog` VALUES ('28', 'admin/login/index', '127.0.0.1', '用户登录', '登录系统后台成功', 'admin', '2020-05-27 16:09:47');
INSERT INTO `system_oplog` VALUES ('29', 'admin/login/index', '127.0.0.1', '用户登录', '登录系统后台成功', 'admin', '2020-05-28 08:35:56');
INSERT INTO `system_oplog` VALUES ('30', 'admin/login/index', '127.0.0.1', '用户登录', '登录系统后台成功', 'admin', '2020-05-28 13:02:07');
INSERT INTO `system_oplog` VALUES ('31', 'admin/login/index', '127.0.0.1', '用户登录', '登录系统后台成功', 'admin', '2020-05-28 14:03:55');
INSERT INTO `system_oplog` VALUES ('32', 'admin/login/index', '127.0.0.1', '用户登录', '登录系统后台成功', 'admin', '2020-05-29 09:18:00');
INSERT INTO `system_oplog` VALUES ('33', 'admin/login/index', '127.0.0.1', '用户登录', '登录系统后台成功', 'admin', '2020-05-29 10:45:08');
INSERT INTO `system_oplog` VALUES ('34', 'admin/login/index', '127.0.0.1', '用户登录', '登录系统后台成功', 'admin', '2020-05-29 13:55:17');
INSERT INTO `system_oplog` VALUES ('35', 'admin/login/index', '127.0.0.1', '用户登录', '登录系统后台成功', 'admin', '2020-05-29 17:52:48');
INSERT INTO `system_oplog` VALUES ('36', 'admin/login/index', '127.0.0.1', '用户登录', '登录系统后台成功', 'admin', '2020-06-01 08:54:00');
INSERT INTO `system_oplog` VALUES ('37', 'admin/login/index', '127.0.0.1', '用户登录', '登录系统后台成功', 'admin', '2020-06-01 12:25:50');
INSERT INTO `system_oplog` VALUES ('38', 'admin/login/index', '127.0.0.1', '用户登录', '登录系统后台成功', 'admin', '2020-06-01 14:34:51');
INSERT INTO `system_oplog` VALUES ('39', 'admin/login/index', '127.0.0.1', '用户登录', '登录系统后台成功', 'admin', '2020-06-02 10:09:53');
INSERT INTO `system_oplog` VALUES ('40', 'admin/login/index', '127.0.0.1', '用户登录', '登录系统后台成功', 'admin', '2020-06-02 13:26:25');
INSERT INTO `system_oplog` VALUES ('41', 'admin/login/index', '127.0.0.1', '用户登录', '登录系统后台成功', 'admin', '2020-06-02 15:22:46');
INSERT INTO `system_oplog` VALUES ('42', 'admin/login/index', '127.0.0.1', '用户登录', '登录系统后台成功', 'admin', '2020-06-02 17:06:16');
INSERT INTO `system_oplog` VALUES ('43', 'admin/login/index', '127.0.0.1', '用户登录', '登录系统后台成功', 'admin', '2020-06-02 21:37:41');
INSERT INTO `system_oplog` VALUES ('44', 'admin/login/index', '127.0.0.1', '用户登录', '登录系统后台成功', 'admin', '2020-06-03 08:55:36');
INSERT INTO `system_oplog` VALUES ('45', 'admin/login/index', '127.0.0.1', '用户登录', '登录系统后台成功', 'admin', '2020-06-03 13:56:12');
INSERT INTO `system_oplog` VALUES ('46', 'admin/login/index', '127.0.0.1', '用户登录', '登录系统后台成功', 'admin', '2020-06-04 08:40:36');
INSERT INTO `system_oplog` VALUES ('47', 'admin/login/index', '127.0.0.1', '用户登录', '登录系统后台成功', 'admin', '2020-06-04 10:26:35');
INSERT INTO `system_oplog` VALUES ('48', 'admin/login/index', '127.0.0.1', '用户登录', '登录系统后台成功', 'admin', '2020-06-04 12:44:44');
INSERT INTO `system_oplog` VALUES ('49', 'admin/login/index', '127.0.0.1', '用户登录', '登录系统后台成功', 'admin', '2020-06-04 14:04:40');
INSERT INTO `system_oplog` VALUES ('50', 'admin/login/index', '127.0.0.1', '用户登录', '登录系统后台成功', 'admin', '2020-06-05 08:52:08');
INSERT INTO `system_oplog` VALUES ('51', 'admin/login/index', '127.0.0.1', '用户登录', '登录系统后台成功', 'admin', '2020-06-05 09:54:41');
INSERT INTO `system_oplog` VALUES ('52', 'admin/login/index', '127.0.0.1', '用户登录', '登录系统后台成功', 'admin', '2020-06-05 11:51:17');
INSERT INTO `system_oplog` VALUES ('53', 'admin/login/index', '127.0.0.1', '用户登录', '登录系统后台成功', 'admin', '2020-06-05 13:59:53');
INSERT INTO `system_oplog` VALUES ('54', 'admin/login/index', '127.0.0.1', '用户登录', '登录系统后台成功', 'admin', '2020-06-08 09:11:14');
INSERT INTO `system_oplog` VALUES ('55', 'admin/login/index', '127.0.0.1', '用户登录', '登录系统后台成功', 'admin', '2020-06-08 10:02:45');
INSERT INTO `system_oplog` VALUES ('56', 'admin/login/index', '127.0.0.1', '用户登录', '登录系统后台成功', 'admin', '2020-06-08 13:35:19');
INSERT INTO `system_oplog` VALUES ('57', 'admin/login/index', '127.0.0.1', '用户登录', '登录系统后台成功', 'admin', '2020-06-09 08:51:29');
INSERT INTO `system_oplog` VALUES ('58', 'admin/login/index', '127.0.0.1', '用户登录', '登录系统后台成功', 'admin', '2020-06-09 13:41:48');
INSERT INTO `system_oplog` VALUES ('59', 'admin/login/index', '127.0.0.1', '用户登录', '登录系统后台成功', 'admin', '2020-06-10 10:33:49');
INSERT INTO `system_oplog` VALUES ('60', 'admin/login/index', '127.0.0.1', '用户登录', '登录系统后台成功', 'admin', '2020-06-10 11:49:32');
INSERT INTO `system_oplog` VALUES ('61', 'admin/login/index', '127.0.0.1', '用户登录', '登录系统后台成功', 'admin', '2020-06-10 14:14:48');
INSERT INTO `system_oplog` VALUES ('62', 'admin/login/index', '127.0.0.1', '用户登录', '登录系统后台成功', 'admin', '2020-06-10 14:56:35');
INSERT INTO `system_oplog` VALUES ('63', 'admin/login/index', '127.0.0.1', '用户登录', '登录系统后台成功', 'admin', '2020-06-10 17:39:41');
INSERT INTO `system_oplog` VALUES ('64', 'admin/login/index', '127.0.0.1', '用户登录', '登录系统后台成功', 'admin', '2020-06-11 09:49:09');
INSERT INTO `system_oplog` VALUES ('65', 'admin/login/index', '127.0.0.1', '用户登录', '登录系统后台成功', 'admin', '2020-06-11 11:28:25');
INSERT INTO `system_oplog` VALUES ('66', 'admin/login/index', '127.0.0.1', '用户登录', '登录系统后台成功', 'admin', '2020-06-11 13:34:52');
INSERT INTO `system_oplog` VALUES ('67', 'admin/login/index', '127.0.0.1', '用户登录', '登录系统后台成功', 'admin', '2020-06-11 16:23:42');
INSERT INTO `system_oplog` VALUES ('68', 'admin/login/index', '127.0.0.1', '用户登录', '登录系统后台成功', 'admin', '2020-06-11 17:29:01');
INSERT INTO `system_oplog` VALUES ('69', 'admin/login/index', '127.0.0.1', '用户登录', '登录系统后台成功', 'admin', '2020-06-12 10:37:14');
INSERT INTO `system_oplog` VALUES ('70', 'admin/login/index', '127.0.0.1', '用户登录', '登录系统后台成功', 'admin', '2020-06-12 14:02:10');
INSERT INTO `system_oplog` VALUES ('71', 'admin/login/index', '127.0.0.1', '用户登录', '登录系统后台成功', 'admin', '2020-06-12 14:50:17');
INSERT INTO `system_oplog` VALUES ('72', 'admin/login/index', '127.0.0.1', '用户登录', '登录系统后台成功', 'admin', '2020-06-12 16:52:10');
INSERT INTO `system_oplog` VALUES ('73', 'admin/login/index', '127.0.0.1', '用户登录', '登录系统后台成功', 'admin', '2020-06-15 09:23:52');
INSERT INTO `system_oplog` VALUES ('74', 'admin/login/index', '127.0.0.1', '用户登录', '登录系统后台成功', 'admin', '2020-06-15 10:26:12');
INSERT INTO `system_oplog` VALUES ('75', 'admin/login/index', '127.0.0.1', '用户登录', '登录系统后台成功', 'admin', '2020-06-15 13:53:46');
INSERT INTO `system_oplog` VALUES ('76', 'admin/login/index', '127.0.0.1', '用户登录', '登录系统后台成功', 'admin', '2020-06-16 08:47:34');
INSERT INTO `system_oplog` VALUES ('77', 'admin/login/index', '127.0.0.1', '用户登录', '登录系统后台成功', 'admin', '2020-06-16 09:35:27');
INSERT INTO `system_oplog` VALUES ('78', 'admin/login/index', '127.0.0.1', '用户登录', '登录系统后台成功', 'admin', '2020-06-16 14:02:42');
INSERT INTO `system_oplog` VALUES ('79', 'admin/login/index', '127.0.0.1', '用户登录', '登录系统后台成功', 'admin', '2020-06-16 14:09:46');
INSERT INTO `system_oplog` VALUES ('80', 'admin/login/index', '127.0.0.1', '用户登录', '登录系统后台成功', 'admin', '2020-06-16 14:15:50');
INSERT INTO `system_oplog` VALUES ('81', 'admin/login/index', '127.0.0.1', '用户登录', '登录系统后台成功', 'admin', '2020-06-16 14:31:08');
INSERT INTO `system_oplog` VALUES ('82', 'admin/login/index', '127.0.0.1', '用户登录', '登录系统后台成功', 'admin', '2020-06-16 16:19:13');
INSERT INTO `system_oplog` VALUES ('83', 'admin/login/index', '192.168.20.226', '用户登录', '登录系统后台成功', 'admin', '2020-06-16 17:32:44');
INSERT INTO `system_oplog` VALUES ('84', 'admin/login/index', '127.0.0.1', '用户登录', '登录系统后台成功', 'admin', '2020-06-19 11:04:02');
INSERT INTO `system_oplog` VALUES ('85', 'admin/login/index', '127.0.0.1', '用户登录', '登录系统后台成功', 'admin', '2020-06-19 11:19:03');
INSERT INTO `system_oplog` VALUES ('86', 'admin/login/index', '127.0.0.1', '用户登录', '登录系统后台成功', 'admin', '2020-06-19 11:35:04');
INSERT INTO `system_oplog` VALUES ('87', 'admin/login/index', '127.0.0.1', '用户登录', '登录系统后台成功', 'admin', '2020-06-19 12:45:30');
INSERT INTO `system_oplog` VALUES ('88', 'admin/login/index', '127.0.0.1', '用户登录', '登录系统后台成功', 'admin', '2020-06-19 13:50:59');
INSERT INTO `system_oplog` VALUES ('89', 'admin/login/index', '127.0.0.1', '用户登录', '登录系统后台成功', 'admin', '2020-06-19 17:02:02');
INSERT INTO `system_oplog` VALUES ('90', 'admin/login/index', '127.0.0.1', '用户登录', '登录系统后台成功', 'admin', '2020-06-22 08:52:24');
INSERT INTO `system_oplog` VALUES ('91', 'admin/login/index', '127.0.0.1', '用户登录', '登录系统后台成功', 'admin', '2020-06-22 10:10:56');
INSERT INTO `system_oplog` VALUES ('92', 'admin/login/index', '127.0.0.1', '用户登录', '登录系统后台成功', 'admin', '2020-06-22 14:01:22');
INSERT INTO `system_oplog` VALUES ('93', 'admin/login/index', '127.0.0.1', '用户登录', '登录系统后台成功', 'admin', '2020-06-23 16:08:22');
INSERT INTO `system_oplog` VALUES ('94', 'admin/login/index', '127.0.0.1', '用户登录', '登录系统后台成功', 'admin', '2020-06-29 09:04:42');
INSERT INTO `system_oplog` VALUES ('95', 'admin/login/index', '127.0.0.1', '用户登录', '登录系统后台成功', 'admin', '2020-06-29 10:44:01');
INSERT INTO `system_oplog` VALUES ('96', 'admin/login/index', '127.0.0.1', '用户登录', '登录系统后台成功', 'admin', '2020-06-29 16:47:41');
INSERT INTO `system_oplog` VALUES ('97', 'admin/login/index', '127.0.0.1', '用户登录', '登录系统后台成功', 'admin', '2020-06-29 17:11:53');
INSERT INTO `system_oplog` VALUES ('98', 'admin/login/index', '127.0.0.1', '用户登录', '登录系统后台成功', 'admin', '2020-06-30 09:47:24');
INSERT INTO `system_oplog` VALUES ('99', 'admin/login/index', '127.0.0.1', '用户登录', '登录系统后台成功', 'admin', '2020-06-30 15:20:16');
INSERT INTO `system_oplog` VALUES ('100', 'admin/login/index', '127.0.0.1', '用户登录', '登录系统后台成功', 'admin', '2020-07-01 08:49:54');
INSERT INTO `system_oplog` VALUES ('101', 'admin/login/index', '127.0.0.1', '用户登录', '登录系统后台成功', 'admin', '2020-07-01 08:55:31');
INSERT INTO `system_oplog` VALUES ('102', 'admin/login/index', '127.0.0.1', '用户登录', '登录系统后台成功', 'admin', '2020-07-01 10:03:44');
INSERT INTO `system_oplog` VALUES ('103', 'admin/login/index', '127.0.0.1', '用户登录', '登录系统后台成功', 'admin', '2020-07-02 10:48:39');
INSERT INTO `system_oplog` VALUES ('104', 'admin/login/index', '127.0.0.1', '用户登录', '登录系统后台成功', 'admin', '2020-07-02 14:57:46');
INSERT INTO `system_oplog` VALUES ('105', 'admin/login/index', '127.0.0.1', '用户登录', '登录系统后台成功', 'admin', '2020-07-02 17:07:03');
INSERT INTO `system_oplog` VALUES ('106', 'admin/login/index', '127.0.0.1', '用户登录', '登录系统后台成功', 'admin', '2020-07-03 08:39:23');
INSERT INTO `system_oplog` VALUES ('107', 'admin/login/index', '127.0.0.1', '用户登录', '登录系统后台成功', 'admin', '2020-07-03 14:06:02');
INSERT INTO `system_oplog` VALUES ('108', 'admin/login/index', '127.0.0.1', '用户登录', '登录系统后台成功', 'admin', '2020-07-03 16:10:07');
INSERT INTO `system_oplog` VALUES ('109', 'admin/login/index', '127.0.0.1', '用户登录', '登录系统后台成功', 'admin', '2020-07-06 09:09:12');
INSERT INTO `system_oplog` VALUES ('110', 'admin/login/index', '127.0.0.1', '用户登录', '登录系统后台成功', 'admin', '2020-07-06 14:10:40');
INSERT INTO `system_oplog` VALUES ('111', 'admin/login/index', '127.0.0.1', '用户登录', '登录系统后台成功', 'admin', '2020-07-06 15:29:13');
INSERT INTO `system_oplog` VALUES ('112', 'admin/login/index', '127.0.0.1', '用户登录', '登录系统后台成功', 'admin', '2020-07-07 09:14:12');
INSERT INTO `system_oplog` VALUES ('113', 'admin/login/index', '127.0.0.1', '用户登录', '登录系统后台成功', 'admin', '2020-07-07 14:15:00');
INSERT INTO `system_oplog` VALUES ('114', 'admin/login/index', '127.0.0.1', '用户登录', '登录系统后台成功', 'admin', '2020-07-08 09:42:22');
INSERT INTO `system_oplog` VALUES ('115', 'admin/login/index', '127.0.0.1', '用户登录', '登录系统后台成功', 'admin', '2020-07-08 11:26:58');
INSERT INTO `system_oplog` VALUES ('116', 'admin/login/index', '127.0.0.1', '用户登录', '登录系统后台成功', 'admin', '2020-07-08 14:07:27');
INSERT INTO `system_oplog` VALUES ('117', 'module/collect/dojob', '127.0.0.1', '图片水印', '图片水印添加失败Illegal image file', 'admin', '2020-07-08 14:09:05');
INSERT INTO `system_oplog` VALUES ('118', 'admin/login/index', '127.0.0.1', '用户登录', '登录系统后台成功', 'admin', '2020-07-08 15:00:15');
INSERT INTO `system_oplog` VALUES ('119', 'admin/login/index', '127.0.0.1', '用户登录', '登录系统后台成功', 'admin', '2020-07-08 16:47:46');
INSERT INTO `system_oplog` VALUES ('120', 'admin/login/index', '127.0.0.1', '用户登录', '登录系统后台成功', 'admin', '2020-07-09 09:22:09');
INSERT INTO `system_oplog` VALUES ('121', 'admin/login/index', '127.0.0.1', '用户登录', '登录系统后台成功', 'admin', '2020-07-09 14:12:15');
INSERT INTO `system_oplog` VALUES ('122', 'admin/login/index', '127.0.0.1', '用户登录', '登录系统后台成功', 'admin', '2020-07-09 16:21:03');
INSERT INTO `system_oplog` VALUES ('123', 'admin/login/index', '192.168.20.226', '用户登录', '登录系统后台成功', 'admin', '2020-07-09 16:52:05');
INSERT INTO `system_oplog` VALUES ('124', 'admin/login/index', '192.168.20.226', '用户登录', '登录系统后台成功', 'admin', '2020-07-09 17:58:38');
INSERT INTO `system_oplog` VALUES ('125', 'admin/login/index', '127.0.0.1', '用户登录', '登录系统后台成功', 'admin', '2020-07-10 08:52:08');
INSERT INTO `system_oplog` VALUES ('126', 'admin/login/index', '127.0.0.1', '用户登录', '登录系统后台成功', 'admin', '2020-07-10 09:26:21');
INSERT INTO `system_oplog` VALUES ('127', 'admin/login/index', '127.0.0.1', '用户登录', '登录系统后台成功', 'admin', '2020-07-10 11:15:12');
INSERT INTO `system_oplog` VALUES ('128', 'admin/login/index', '127.0.0.1', '用户登录', '登录系统后台成功', 'admin', '2020-07-10 14:05:50');

-- ----------------------------
-- Table structure for system_queue
-- ----------------------------
DROP TABLE IF EXISTS `system_queue`;
CREATE TABLE `system_queue` (
  `id` bigint(20) NOT NULL AUTO_INCREMENT,
  `code` varchar(20) NOT NULL DEFAULT '' COMMENT '任务编号',
  `title` varchar(50) NOT NULL DEFAULT '' COMMENT '任务名称',
  `command` varchar(500) DEFAULT '' COMMENT '执行指令',
  `exec_pid` bigint(20) DEFAULT '0' COMMENT '执行进程',
  `exec_data` longtext COMMENT '执行参数',
  `exec_time` bigint(20) DEFAULT '0' COMMENT '执行时间',
  `exec_desc` varchar(500) DEFAULT '' COMMENT '执行描述',
  `enter_time` decimal(20,4) DEFAULT '0.0000' COMMENT '开始时间',
  `outer_time` decimal(20,4) DEFAULT '0.0000' COMMENT '结束时间',
  `loops_time` bigint(20) DEFAULT '0' COMMENT '循环时间',
  `attempts` bigint(20) DEFAULT '0' COMMENT '执行次数',
  `rscript` tinyint(1) DEFAULT '1' COMMENT '任务类型(0单例,1多例)',
  `status` tinyint(1) DEFAULT '1' COMMENT '任务状态(1新任务,2处理中,3成功,4失败)',
  `create_at` timestamp NOT NULL DEFAULT CURRENT_TIMESTAMP COMMENT '创建时间',
  PRIMARY KEY (`id`) USING BTREE,
  KEY `idx_system_queue_code` (`code`) USING BTREE,
  KEY `idx_system_queue_title` (`title`) USING BTREE,
  KEY `idx_system_queue_status` (`status`) USING BTREE,
  KEY `idx_system_queue_rscript` (`rscript`) USING BTREE,
  KEY `idx_system_queue_create_at` (`create_at`) USING BTREE,
  KEY `idx_system_queue_exec_time` (`exec_time`) USING BTREE
) ENGINE=InnoDB AUTO_INCREMENT=2 DEFAULT CHARSET=utf8mb4 COMMENT='系统-任务';

-- ----------------------------
-- Records of system_queue
-- ----------------------------
INSERT INTO `system_queue` VALUES ('1', 'Q202006303338337', '优化数据库所有数据表', 'xadmin:database optimize', '0', '[]', '1593505058', '', '0.0000', '0.0000', '0', '0', '0', '1', '2020-06-30 16:17:38');

-- ----------------------------
-- Table structure for system_user
-- ----------------------------
DROP TABLE IF EXISTS `system_user`;
CREATE TABLE `system_user` (
  `id` bigint(20) NOT NULL AUTO_INCREMENT,
  `username` varchar(50) DEFAULT '' COMMENT '用户账号',
  `password` varchar(32) DEFAULT '' COMMENT '用户密码',
  `nickname` varchar(50) DEFAULT '' COMMENT '用户昵称',
  `headimg` varchar(255) DEFAULT '' COMMENT '头像地址',
  `authorize` varchar(255) DEFAULT '' COMMENT '权限授权',
  `contact_qq` varchar(20) DEFAULT '' COMMENT '联系QQ',
  `contact_mail` varchar(20) DEFAULT '' COMMENT '联系邮箱',
  `contact_phone` varchar(20) DEFAULT '' COMMENT '联系手机',
  `login_ip` varchar(255) DEFAULT '' COMMENT '登录地址',
  `login_at` varchar(20) DEFAULT '' COMMENT '登录时间',
  `login_num` bigint(20) DEFAULT '0' COMMENT '登录次数',
  `describe` varchar(255) DEFAULT '' COMMENT '备注说明',
  `status` tinyint(1) DEFAULT '1' COMMENT '状态(0禁用,1启用)',
  `sort` bigint(20) DEFAULT '0' COMMENT '排序权重',
  `is_deleted` tinyint(1) DEFAULT '0' COMMENT '删除(1删除,0未删)',
  `create_at` timestamp NULL DEFAULT CURRENT_TIMESTAMP COMMENT '创建时间',
  PRIMARY KEY (`id`) USING BTREE,
  KEY `idx_system_user_username` (`username`) USING BTREE,
  KEY `idx_system_user_deleted` (`is_deleted`) USING BTREE,
  KEY `idx_system_user_status` (`status`) USING BTREE
) ENGINE=InnoDB AUTO_INCREMENT=10002 DEFAULT CHARSET=utf8mb4 COMMENT='系统-用户';

-- ----------------------------
-- Records of system_user
-- ----------------------------
INSERT INTO `system_user` VALUES ('10000', 'admin', '21232f297a57a5a743894a0e4a801fc3', '系统管理员', '', '', '', '', '', '127.0.0.1', '2020-07-10 14:05:49', '1184', '', '1', '0', '0', '2015-11-13 15:14:22');
INSERT INTO `system_user` VALUES ('10001', 'test', '', '测试账户', '', '', '', '', '', '', '', '0', '', '1', '0', '0', '2020-05-20 11:56:49');

-- ----------------------------
-- Table structure for wechat_fans
-- ----------------------------
DROP TABLE IF EXISTS `wechat_fans`;
CREATE TABLE `wechat_fans` (
  `id` bigint(20) unsigned NOT NULL AUTO_INCREMENT,
  `appid` varchar(50) DEFAULT '' COMMENT '公众号APPID',
  `unionid` varchar(100) DEFAULT '' COMMENT '粉丝unionid',
  `openid` varchar(100) DEFAULT '' COMMENT '粉丝openid',
  `tagid_list` varchar(100) DEFAULT '' COMMENT '粉丝标签id',
  `is_black` tinyint(1) unsigned DEFAULT '0' COMMENT '是否为黑名单状态',
  `subscribe` tinyint(1) unsigned DEFAULT '0' COMMENT '关注状态(0未关注,1已关注)',
  `nickname` varchar(200) DEFAULT '' COMMENT '用户昵称',
  `sex` tinyint(1) unsigned DEFAULT '0' COMMENT '用户性别(1男性,2女性,0未知)',
  `country` varchar(50) DEFAULT '' COMMENT '用户所在国家',
  `province` varchar(50) DEFAULT '' COMMENT '用户所在省份',
  `city` varchar(50) DEFAULT '' COMMENT '用户所在城市',
  `language` varchar(50) DEFAULT '' COMMENT '用户的语言(zh_CN)',
  `headimgurl` varchar(500) DEFAULT '' COMMENT '用户头像',
  `subscribe_time` bigint(20) unsigned DEFAULT '0' COMMENT '关注时间',
  `subscribe_at` datetime DEFAULT NULL COMMENT '关注时间',
  `remark` varchar(50) DEFAULT '' COMMENT '备注',
  `subscribe_scene` varchar(200) DEFAULT '' COMMENT '扫码关注场景',
  `qr_scene` varchar(100) DEFAULT '' COMMENT '二维码场景值',
  `qr_scene_str` varchar(200) DEFAULT '' COMMENT '二维码场景内容',
  `create_at` timestamp NULL DEFAULT CURRENT_TIMESTAMP COMMENT '创建时间',
  PRIMARY KEY (`id`) USING BTREE,
  KEY `index_wechat_fans_openid` (`openid`) USING BTREE,
  KEY `index_wechat_fans_unionid` (`unionid`) USING BTREE,
  KEY `index_wechat_fans_is_back` (`is_black`) USING BTREE,
  KEY `index_wechat_fans_subscribe` (`subscribe`) USING BTREE
) ENGINE=InnoDB DEFAULT CHARSET=utf8mb4 COMMENT='微信-粉丝';

-- ----------------------------
-- Records of wechat_fans
-- ----------------------------

-- ----------------------------
-- Table structure for wechat_fans_tags
-- ----------------------------
DROP TABLE IF EXISTS `wechat_fans_tags`;
CREATE TABLE `wechat_fans_tags` (
  `id` bigint(20) unsigned NOT NULL AUTO_INCREMENT COMMENT '标签ID',
  `appid` varchar(50) DEFAULT '' COMMENT '公众号APPID',
  `name` varchar(35) DEFAULT NULL COMMENT '标签名称',
  `count` bigint(20) unsigned DEFAULT '0' COMMENT '总数',
  `create_at` timestamp NULL DEFAULT CURRENT_TIMESTAMP COMMENT '创建日期',
  KEY `index_wechat_fans_tags_id` (`id`) USING BTREE,
  KEY `index_wechat_fans_tags_appid` (`appid`) USING BTREE
) ENGINE=InnoDB DEFAULT CHARSET=utf8mb4 COMMENT='微信-标签';

-- ----------------------------
-- Records of wechat_fans_tags
-- ----------------------------

-- ----------------------------
-- Table structure for wechat_keys
-- ----------------------------
DROP TABLE IF EXISTS `wechat_keys`;
CREATE TABLE `wechat_keys` (
  `id` bigint(20) NOT NULL AUTO_INCREMENT,
  `appid` char(100) DEFAULT '' COMMENT '公众号APPID',
  `type` varchar(20) DEFAULT '' COMMENT '类型(text,image,news)',
  `keys` varchar(100) DEFAULT NULL COMMENT '关键字',
  `content` text COMMENT '文本内容',
  `image_url` varchar(255) DEFAULT '' COMMENT '图片链接',
  `voice_url` varchar(255) DEFAULT '' COMMENT '语音链接',
  `music_title` varchar(100) DEFAULT '' COMMENT '音乐标题',
  `music_url` varchar(255) DEFAULT '' COMMENT '音乐链接',
  `music_image` varchar(255) DEFAULT '' COMMENT '缩略图片',
  `music_desc` varchar(255) DEFAULT '' COMMENT '音乐描述',
  `video_title` varchar(100) DEFAULT '' COMMENT '视频标题',
  `video_url` varchar(255) DEFAULT '' COMMENT '视频URL',
  `video_desc` varchar(255) DEFAULT '' COMMENT '视频描述',
  `news_id` bigint(20) unsigned DEFAULT NULL COMMENT '图文ID',
  `sort` bigint(20) unsigned DEFAULT '0' COMMENT '排序字段',
  `status` tinyint(1) unsigned DEFAULT '1' COMMENT '状态(0禁用,1启用)',
  `create_by` bigint(20) unsigned DEFAULT '0' COMMENT '创建人',
  `create_at` timestamp NULL DEFAULT CURRENT_TIMESTAMP ON UPDATE CURRENT_TIMESTAMP COMMENT '创建时间',
  PRIMARY KEY (`id`) USING BTREE,
  KEY `index_wechat_keys_appid` (`appid`) USING BTREE,
  KEY `index_wechat_keys_type` (`type`) USING BTREE,
  KEY `index_wechat_keys_keys` (`keys`) USING BTREE
) ENGINE=InnoDB AUTO_INCREMENT=4 DEFAULT CHARSET=utf8mb4 COMMENT='微信-关键字';

-- ----------------------------
-- Records of wechat_keys
-- ----------------------------
INSERT INTO `wechat_keys` VALUES ('1', '', 'text', 'hello', '说点什么吧', 'http://www.jhphpcms.com/static/theme/img/image.png', '', '音乐标题', '', 'http://www.jhphpcms.com/static/theme/img/image.png', '音乐描述', '视频标题', '', '视频描述', '0', '0', '1', '0', '2020-05-26 10:02:39');
INSERT INTO `wechat_keys` VALUES ('3', '', 'text', '你好', '说点什么吧', 'http://www.jhphpcms.com/static/theme/img/image.png', '', '音乐标题', '', 'http://www.jhphpcms.com/static/theme/img/image.png', '音乐描述', '视频标题', '', '视频描述', '0', '0', '1', '0', '2020-05-29 16:32:30');

-- ----------------------------
-- Table structure for wechat_media
-- ----------------------------
DROP TABLE IF EXISTS `wechat_media`;
CREATE TABLE `wechat_media` (
  `id` bigint(20) unsigned NOT NULL AUTO_INCREMENT,
  `appid` varchar(100) DEFAULT '' COMMENT '公众号ID',
  `md5` varchar(32) DEFAULT '' COMMENT '文件md5',
  `type` varchar(20) DEFAULT '' COMMENT '媒体类型',
  `media_id` varchar(100) DEFAULT '' COMMENT '永久素材MediaID',
  `local_url` varchar(300) DEFAULT '' COMMENT '本地文件链接',
  `media_url` varchar(300) DEFAULT '' COMMENT '远程图片链接',
  `create_at` timestamp NULL DEFAULT CURRENT_TIMESTAMP COMMENT '创建时间',
  PRIMARY KEY (`id`) USING BTREE,
  KEY `index_wechat_media_appid` (`appid`) USING BTREE,
  KEY `index_wechat_media_md5` (`md5`) USING BTREE,
  KEY `index_wechat_media_type` (`type`) USING BTREE,
  KEY `index_wechat_media_media_id` (`media_id`) USING BTREE
) ENGINE=InnoDB DEFAULT CHARSET=utf8mb4 COMMENT='微信-素材';

-- ----------------------------
-- Records of wechat_media
-- ----------------------------

-- ----------------------------
-- Table structure for wechat_news
-- ----------------------------
DROP TABLE IF EXISTS `wechat_news`;
CREATE TABLE `wechat_news` (
  `id` bigint(20) unsigned NOT NULL AUTO_INCREMENT,
  `media_id` varchar(100) DEFAULT '' COMMENT '永久素材MediaID',
  `local_url` varchar(300) DEFAULT '' COMMENT '永久素材外网URL',
  `article_id` varchar(60) DEFAULT '' COMMENT '关联图文ID(用英文逗号做分割)',
  `is_deleted` tinyint(1) unsigned DEFAULT '0' COMMENT '删除状态(0未删除,1已删除)',
  `create_at` timestamp NULL DEFAULT CURRENT_TIMESTAMP COMMENT '创建时间',
  `create_by` bigint(20) DEFAULT NULL COMMENT '创建人',
  PRIMARY KEY (`id`) USING BTREE,
  KEY `index_wechat_news_artcle_id` (`article_id`) USING BTREE,
  KEY `index_wechat_news_media_id` (`media_id`) USING BTREE
) ENGINE=InnoDB DEFAULT CHARSET=utf8mb4 COMMENT='微信-图文';

-- ----------------------------
-- Records of wechat_news
-- ----------------------------

-- ----------------------------
-- Table structure for wechat_news_article
-- ----------------------------
DROP TABLE IF EXISTS `wechat_news_article`;
CREATE TABLE `wechat_news_article` (
  `id` bigint(20) unsigned NOT NULL AUTO_INCREMENT,
  `title` varchar(50) DEFAULT '' COMMENT '素材标题',
  `local_url` varchar(300) DEFAULT '' COMMENT '永久素材显示URL',
  `show_cover_pic` tinyint(4) unsigned DEFAULT '0' COMMENT '显示封面(0不显示,1显示)',
  `author` varchar(20) DEFAULT '' COMMENT '文章作者',
  `digest` varchar(300) DEFAULT '' COMMENT '摘要内容',
  `content` longtext COMMENT '图文内容',
  `content_source_url` varchar(200) DEFAULT '' COMMENT '原文地址',
  `read_num` bigint(20) unsigned DEFAULT '0' COMMENT '阅读数量',
  `create_at` timestamp NULL DEFAULT CURRENT_TIMESTAMP COMMENT '创建时间',
  PRIMARY KEY (`id`) USING BTREE
) ENGINE=InnoDB DEFAULT CHARSET=utf8mb4 COMMENT='微信-文章';

-- ----------------------------
-- Records of wechat_news_article
-- ----------------------------
